Title,Best Picture,Prod Company,Year,imdbRating,Popularity,Rated_APPROVED,Rated_Approved,Rated_G,Rated_Not Rated,Rated_PG,Rated_PG-13,Rated_Passed,Rated_R,Rated_UNRATED,Rated_Unrated,Release Date_01,Release Date_02,Release Date_03,Release Date_04,Release Date_05,Release Date_06,Release Date_07,Release Date_08,Release Date_09,Release Date_10,Release Date_11,Release Date_12,Revenue,Budget,Runtime,Genre_Action,Genre_Adventure,Genre_Animation,Genre_Biography,Genre_Comedy,Genre_Crime,Genre_Documentary,Genre_Drama,Genre_Family,Genre_Fantasy,Genre_Film-Noir,Genre_History,Genre_Horror,Genre_Music,Genre_Musical,Genre_Mystery,Genre_Romance,Genre_Sci-Fi,Genre_Short,Genre_Sport,Genre_Thriller,Genre_War,Genre_Western,Best Actor,Best Actress,Best Director,Best Supporting Actor,Best Supporting Actress
Double Indemnity,0,Paramount,1944,8.3,11.825,1,0,0,0,0,0,0,0,0,0,0.0,0.0,0.0,1.0,0.0,0.0,0.0,0.0,0.0,0.0,0.0,0.0,2500000.0,927262.0,108.0,0,0,0,0,0,1,0,1,0,0,1,0,0,0,0,1,0,0,0,0,1,0,0,0.0,0.0,0.0,0.0,0.0
Gaslight,0,Metro-Goldwyn-Mayer,1944,7.8,7.707999999999999,0,0,0,0,0,0,0,0,1,0,0.0,0.0,0.0,0.0,1.0,0.0,0.0,0.0,0.0,0.0,0.0,0.0,0.0,2068000.0,114.0,0,0,0,0,0,1,0,1,0,0,0,0,0,0,0,1,0,0,0,0,1,0,0,0.0,1.0,0.0,0.0,0.0
Going My Way,1,Paramount,1944,7.2,3.571,0,0,0,0,0,0,1,0,0,0,0.0,0.0,0.0,0.0,1.0,0.0,0.0,0.0,0.0,0.0,0.0,0.0,16300000.0,0.0,126.0,0,0,0,0,1,0,0,1,0,0,0,0,0,1,1,0,0,0,0,0,0,0,0,1.0,0.0,1.0,1.0,0.0
Since You Went Away,0,Selznick International Pictures,1944,7.6,1.2830000000000001,0,1,0,0,0,0,0,0,0,0,0.0,0.0,0.0,0.0,0.0,0.0,1.0,0.0,0.0,0.0,0.0,0.0,0.0,0.0,172.0,0,0,0,0,0,0,0,1,0,0,0,0,0,0,0,0,1,0,0,0,0,1,0,0.0,0.0,0.0,0.0,0.0
Wilson,0,20th Century-Fox,1944,5.8,1.4,0,0,0,0,0,0,0,1,0,0,0.0,0.0,0.0,0.0,0.0,0.0,0.0,1.0,0.0,0.0,0.0,0.0,2000000.0,2995000.0,154.0,0,0,0,0,1,0,0,1,0,0,0,0,0,0,0,0,0,0,0,0,0,0,0,0.0,0.0,0.0,0.0,0.0
Anchors Aweigh,0,Metro-Goldwyn-Mayer,1945,7.2,3.6689999999999996,1,0,0,0,0,0,0,0,0,0,0.0,0.0,0.0,0.0,0.0,0.0,1.0,0.0,0.0,0.0,0.0,0.0,0.0,0.0,143.0,0,0,0,0,1,0,0,0,0,1,0,0,0,1,1,0,1,0,0,0,0,1,0,0.0,0.0,0.0,0.0,0.0
The Bells of St. Mary's,0,Rainbow Productions,1945,7.4,4.024,0,0,0,0,0,0,0,0,1,0,0.0,0.0,0.0,0.0,0.0,0.0,0.0,0.0,0.0,0.0,0.0,1.0,21300000.0,0.0,126.0,0,0,0,0,0,0,0,1,0,0,0,0,0,0,0,0,0,0,0,0,0,0,0,0.0,0.0,0.0,0.0,0.0
The Lost Weekend,1,Paramount,1945,8.0,5.308,0,0,0,0,0,0,0,0,1,0,0.0,0.0,0.0,0.0,0.0,0.0,0.0,0.0,0.0,0.0,1.0,0.0,11000000.0,1250000.0,101.0,0,0,0,0,0,0,0,1,0,0,1,0,0,0,0,0,0,0,0,0,0,0,0,1.0,0.0,1.0,0.0,0.0
Mildred Pierce,0,Warner Brothers,1945,8.0,5.824,0,0,0,0,0,0,1,0,0,0,0.0,0.0,0.0,0.0,0.0,0.0,0.0,0.0,0.0,1.0,0.0,0.0,5638000.0,1453000.0,111.0,0,0,0,0,0,1,0,1,0,0,1,0,0,0,0,1,1,0,0,0,0,0,0,0.0,1.0,0.0,0.0,0.0
Spellbound,0,Selznick International Pictures,1945,7.6,5.483,0,0,0,0,0,0,0,0,1,0,0.0,0.0,0.0,0.0,0.0,0.0,0.0,0.0,0.0,0.0,0.0,1.0,7000000.0,1500000.0,111.0,0,0,0,0,0,0,0,0,0,0,1,0,0,0,0,1,1,0,0,0,1,0,0,0.0,0.0,0.0,0.0,0.0
The Best Years of Our Lives,1,Samuel Goldwyn Productions,1946,8.1,7.098,1,0,0,0,0,0,0,0,0,0,0.0,0.0,0.0,0.0,0.0,0.0,0.0,0.0,0.0,0.0,0.0,1.0,23650000.0,2100000.0,172.0,0,0,0,0,0,0,0,1,0,0,0,0,0,0,0,0,1,0,0,0,0,1,0,1.0,0.0,1.0,1.0,0.0
Henry V,0,J. Arthur Rank-Two Cities Films,1946,7.6,2.2569999999999997,0,0,0,0,0,1,0,0,0,0,0.0,0.0,0.0,0.0,0.0,0.0,0.0,0.0,0.0,0.0,1.0,0.0,0.0,0.0,137.0,1,0,0,1,0,0,0,1,0,0,0,1,0,0,0,0,1,0,0,0,0,1,0,0.0,0.0,0.0,0.0,0.0
It's a Wonderful Life,0,Liberty Films,1946,8.6,22.590999999999998,0,0,0,0,1,0,0,0,0,0,0.0,0.0,0.0,0.0,0.0,0.0,0.0,0.0,0.0,0.0,0.0,1.0,9644124.0,3180000.0,130.0,0,0,0,0,0,0,0,1,1,1,0,0,0,0,0,0,0,0,0,0,0,0,0,0.0,0.0,0.0,0.0,0.0
The Razor's Edge,0,20th Century-Fox,1946,7.5,1.7990000000000002,0,1,0,0,0,0,0,0,0,0,0.0,0.0,0.0,0.0,0.0,0.0,0.0,0.0,0.0,0.0,1.0,0.0,0.0,0.0,145.0,0,0,0,0,0,0,0,1,0,0,0,0,0,0,0,0,1,0,0,0,0,0,0,0.0,0.0,0.0,0.0,1.0
The Yearling,0,Metro-Goldwyn-Mayer,1946,7.3,2.5469999999999997,0,1,0,0,0,0,0,0,0,0,0.0,0.0,0.0,0.0,0.0,0.0,0.0,0.0,0.0,0.0,0.0,1.0,0.0,0.0,128.0,0,0,0,0,0,0,0,1,1,0,0,0,0,0,0,0,0,0,0,0,0,0,1,0.0,0.0,0.0,0.0,0.0
The Bishop's Wife,0,Samuel Goldwyn Productions,1947,7.6,4.7,0,0,0,1,0,0,0,0,0,0,0.0,0.0,0.0,0.0,0.0,0.0,0.0,0.0,0.0,1.0,0.0,0.0,0.0,0.0,109.0,0,0,0,0,1,0,0,1,0,1,0,0,0,0,0,0,1,0,0,0,0,0,0,0.0,0.0,0.0,0.0,0.0
Crossfire,0,RKO Radio,1947,7.4,2.589,0,0,0,0,0,0,0,0,1,0,0.0,0.0,0.0,0.0,0.0,0.0,0.0,1.0,0.0,0.0,0.0,0.0,1300000.0,250000.0,86.0,0,0,0,0,0,1,0,1,0,0,1,0,0,0,0,0,0,0,0,0,0,0,0,0.0,0.0,0.0,0.0,0.0
Gentleman's Agreement,1,20th Century-Fox,1947,7.4,5.004,0,0,0,0,0,0,0,0,1,0,0.0,0.0,0.0,0.0,0.0,0.0,0.0,0.0,0.0,0.0,1.0,0.0,7800000.0,2000000.0,118.0,0,0,0,0,0,0,0,1,0,0,0,0,0,0,0,0,1,0,0,0,0,0,0,0.0,0.0,1.0,0.0,1.0
Great Expectations,0,J. Arthur Rank-Cineguild,1947,6.8,7.932,0,0,0,0,0,0,0,1,0,0,0.0,0.0,0.0,0.0,0.0,0.0,0.0,0.0,0.0,0.0,0.0,1.0,0.0,0.0,118.0,0,0,0,0,0,0,0,1,0,0,0,0,0,0,0,0,1,0,0,0,0,0,0,0.0,0.0,0.0,0.0,0.0
Miracle on 34th Street,0,20th Century-Fox,1947,7.9,8.73,0,0,0,0,0,0,0,0,1,0,0.0,0.0,0.0,0.0,0.0,0.0,0.0,0.0,0.0,1.0,0.0,0.0,0.0,0.0,96.0,0,0,0,0,1,0,0,1,1,0,0,0,0,0,0,0,0,0,0,0,0,0,0,0.0,0.0,0.0,1.0,0.0
Hamlet,1,J. Arthur Rank-Two Cities Films,1948,7.8,6.077000000000001,0,0,0,0,0,1,0,0,0,0,0.0,0.0,1.0,0.0,0.0,0.0,0.0,0.0,0.0,0.0,0.0,0.0,0.0,750000.0,155.0,0,0,0,0,0,0,0,1,0,0,0,0,0,0,0,0,0,0,0,0,0,0,0,1.0,0.0,0.0,0.0,0.0
Johnny Belinda,0,Warner Brothers,1948,7.8,2.2319999999999998,0,0,0,0,0,0,0,0,0,1,0.0,0.0,0.0,0.0,0.0,0.0,0.0,0.0,1.0,0.0,0.0,0.0,0.0,0.0,102.0,0,0,0,0,0,0,0,1,0,0,0,0,0,0,0,0,0,0,0,0,0,0,0,0.0,1.0,0.0,0.0,0.0
The Red Shoes,0,J. Arthur Rank-Archers,1948,8.3,9.301,0,0,0,0,0,0,0,0,1,0,0.0,0.0,0.0,0.0,0.0,0.0,1.0,0.0,0.0,0.0,0.0,0.0,0.0,500000.0,133.0,0,0,0,0,0,0,0,1,0,0,0,0,0,1,0,0,1,0,0,0,0,0,0,0.0,0.0,0.0,0.0,0.0
The Snake Pit,0,20th Century-Fox,1948,7.6,1.68,1,0,0,0,0,0,0,0,0,0,0.0,0.0,0.0,0.0,0.0,0.0,0.0,0.0,0.0,0.0,1.0,0.0,0.0,0.0,108.0,0,0,0,0,0,0,0,1,0,0,0,0,0,0,0,1,0,0,0,0,0,0,0,0.0,0.0,0.0,0.0,0.0
The Treasure of the Sierra Madre,0,Warner Brothers,1948,8.2,11.450999999999999,0,0,0,0,0,0,0,0,1,0,1.0,0.0,0.0,0.0,0.0,0.0,0.0,0.0,0.0,0.0,0.0,0.0,4307000.0,3800000.0,126.0,0,1,0,0,0,0,0,1,0,0,0,0,0,0,0,0,0,0,0,0,0,0,1,0.0,0.0,1.0,1.0,0.0
All the King's Men,1,Robert Rossen Productions,1949,6.2,4.704,0,0,0,0,0,1,0,0,0,0,0.0,0.0,0.0,0.0,0.0,0.0,0.0,0.0,0.0,0.0,1.0,0.0,0.0,0.0,109.0,0,0,0,0,0,0,0,1,0,0,0,0,0,0,0,0,0,0,0,0,1,0,0,1.0,0.0,0.0,0.0,1.0
Battleground,0,Metro-Goldwyn-Mayer,1949,7.5,3.261,1,0,0,0,0,0,0,0,0,0,0.0,0.0,0.0,0.0,0.0,0.0,0.0,0.0,0.0,0.0,1.0,0.0,0.0,0.0,118.0,1,0,0,0,0,0,0,1,0,0,0,1,0,0,0,0,0,0,0,0,0,1,0,0.0,0.0,0.0,0.0,0.0
The Heiress,0,Paramount,1949,8.2,4.772,0,0,0,0,0,0,0,0,1,0,0.0,0.0,0.0,0.0,0.0,0.0,0.0,0.0,0.0,1.0,0.0,0.0,0.0,2600000.0,115.0,0,0,0,0,0,0,0,1,0,0,0,0,0,0,0,0,1,0,0,0,0,0,0,0.0,1.0,0.0,0.0,0.0
A Letter to Three Wives,0,20th Century-Fox,1949,7.8,3.36,0,0,0,0,0,0,0,0,1,0,1.0,0.0,0.0,0.0,0.0,0.0,0.0,0.0,0.0,0.0,0.0,0.0,0.0,0.0,103.0,0,0,0,0,0,0,0,1,0,0,0,0,0,0,0,0,1,0,0,0,0,0,0,0.0,0.0,1.0,0.0,0.0
Twelve O'Clock High,0,20th Century-Fox,1949,7.8,4.923,0,0,0,0,0,0,0,0,1,0,0.0,0.0,0.0,0.0,0.0,0.0,0.0,0.0,0.0,0.0,0.0,1.0,3225000.0,0.0,132.0,0,0,0,0,0,0,0,1,0,0,0,0,0,0,0,0,0,0,0,0,0,1,0,0.0,0.0,0.0,1.0,0.0
All about Eve,1,20th Century-Fox,1950,8.3,8.657,0,0,0,0,0,0,0,0,1,0,0.0,0.0,0.0,0.0,0.0,0.0,0.0,0.0,0.0,0.0,1.0,0.0,63463.0,1400000.0,139.0,0,0,0,0,0,0,0,1,0,0,0,0,0,0,0,0,0,0,0,0,0,0,0,0.0,0.0,1.0,1.0,0.0
Born Yesterday,0,Columbia,1950,7.6,3.3139999999999996,1,0,0,0,0,0,0,0,0,0,0.0,0.0,0.0,0.0,0.0,0.0,0.0,0.0,0.0,0.0,0.0,1.0,0.0,0.0,103.0,0,0,0,0,1,0,0,1,0,0,0,0,0,0,0,0,1,0,0,0,0,0,0,0.0,1.0,0.0,0.0,0.0
Father of the Bride,0,Metro-Goldwyn-Mayer,1950,6.5,6.224,0,0,0,0,1,0,0,0,0,0,0.0,0.0,0.0,0.0,0.0,1.0,0.0,0.0,0.0,0.0,0.0,0.0,0.0,0.0,92.0,0,0,0,0,1,0,0,0,1,0,0,0,0,0,0,0,1,0,0,0,0,0,0,0.0,0.0,0.0,0.0,0.0
King Solomon's Mines,0,Metro-Goldwyn-Mayer,1950,6.2,2.512,0,0,0,0,1,0,0,0,0,0,0.0,0.0,0.0,0.0,0.0,0.0,0.0,0.0,0.0,0.0,1.0,0.0,0.0,0.0,103.0,1,1,0,0,1,0,0,1,0,1,0,0,0,0,0,0,1,0,0,0,1,0,0,0.0,0.0,0.0,0.0,0.0
Sunset Blvd.,0,Paramount,1950,5.2,12.561,0,0,0,0,0,0,0,0,0,0,0.0,0.0,0.0,0.0,0.0,0.0,0.0,1.0,0.0,0.0,0.0,0.0,5000000.0,1752000.0,110.0,0,0,0,0,0,0,0,1,0,0,0,0,0,0,0,0,0,0,0,0,0,0,0,0.0,0.0,0.0,0.0,0.0
An American in Paris,1,"Arthur Freed, Producer",1951,7.2,5.939,0,0,0,1,0,0,0,0,0,0,0.0,0.0,0.0,0.0,0.0,0.0,0.0,1.0,0.0,0.0,0.0,0.0,4500000.0,2723903.0,113.0,0,0,0,0,0,0,0,1,0,0,0,0,0,0,1,0,1,0,0,0,0,0,0,0.0,0.0,0.0,0.0,0.0
Decision before Dawn,0,"Anatole Litvak and Frank McCarthy, Producers",1951,7.4,2.846,0,0,0,0,0,0,0,0,1,0,0.0,0.0,0.0,0.0,0.0,0.0,0.0,0.0,0.0,0.0,0.0,1.0,0.0,0.0,119.0,0,0,0,0,0,0,0,1,0,0,0,0,0,0,0,0,0,0,0,0,0,1,0,0.0,0.0,0.0,0.0,0.0
A Place in the Sun,0,"George Stevens, Producer",1951,7.8,5.77,0,0,0,0,0,0,1,0,0,0,0.0,0.0,0.0,0.0,0.0,1.0,0.0,0.0,0.0,0.0,0.0,0.0,0.0,0.0,122.0,0,0,0,0,0,0,0,1,0,0,0,0,0,0,0,0,1,0,0,0,0,0,0,0.0,0.0,1.0,0.0,0.0
Quo Vadis,0,"Sam Zimbalist, Producer",1951,7.2,8.056000000000001,0,0,0,0,0,0,0,0,1,0,0.0,0.0,0.0,0.0,0.0,0.0,0.0,0.0,0.0,0.0,1.0,0.0,30000000.0,8250000.0,171.0,0,0,0,1,0,0,0,1,0,0,0,1,0,0,0,0,1,0,0,0,0,0,0,0.0,0.0,0.0,0.0,0.0
A Streetcar Named Desire,0,"Charles K. Feldman, Producer",1951,8.0,6.506,0,0,0,0,1,0,0,0,0,0,0.0,0.0,0.0,0.0,0.0,0.0,0.0,0.0,1.0,0.0,0.0,0.0,8000000.0,1800000.0,125.0,0,0,0,0,0,0,0,1,0,0,0,0,0,0,0,0,0,0,0,0,0,0,0,0.0,1.0,0.0,1.0,1.0
The Greatest Show on Earth,1,"Cecil B. DeMille, Producer",1952,6.7,7.01,0,0,0,0,0,0,0,0,1,0,1.0,0.0,0.0,0.0,0.0,0.0,0.0,0.0,0.0,0.0,0.0,0.0,36000000.0,4000000.0,152.0,0,0,0,0,0,0,0,1,1,0,0,0,0,0,0,0,1,0,0,0,0,0,0,0.0,0.0,0.0,0.0,0.0
High Noon,0,"Stanley Kramer, Producer",1952,8.0,9.507,0,0,0,0,1,0,0,0,0,0,0.0,0.0,1.0,0.0,0.0,0.0,0.0,0.0,0.0,0.0,0.0,0.0,8000000.0,730000.0,85.0,1,0,0,0,0,0,0,1,0,0,0,0,0,0,0,0,0,0,0,0,1,0,1,1.0,0.0,0.0,0.0,0.0
Ivanhoe,0,"Pandro S. Berman, Producer",1952,6.8,4.1930000000000005,1,0,0,0,0,0,0,0,0,0,1.0,0.0,0.0,0.0,0.0,0.0,0.0,0.0,0.0,0.0,0.0,0.0,0.0,0.0,106.0,0,1,0,0,0,0,0,1,0,0,0,1,0,0,0,0,1,0,0,0,0,0,0,0.0,0.0,0.0,0.0,0.0
Moulin Rouge 1952,0,Romulus Films,1952,7.1,3.406,0,0,0,0,0,0,0,0,1,0,0.0,0.0,0.0,0.0,0.0,0.0,0.0,0.0,0.0,0.0,0.0,1.0,0.0,1500000.0,119.0,0,0,0,1,0,0,0,1,0,0,0,0,0,1,0,0,1,0,0,0,0,0,0,0.0,0.0,0.0,0.0,0.0
The Quiet Man,0,"John Ford and Merian C. Cooper, Producers",1952,7.8,6.316,0,0,0,0,0,0,0,0,1,0,0.0,0.0,0.0,0.0,0.0,0.0,1.0,0.0,0.0,0.0,0.0,0.0,0.0,0.0,129.0,0,0,0,0,1,0,0,1,0,0,0,0,0,0,0,0,1,0,0,0,0,0,0,0.0,0.0,1.0,0.0,0.0
From Here to Eternity,1,"Buddy Adler, Producer",1953,7.7,8.166,0,0,0,0,0,0,0,0,1,0,0.0,0.0,0.0,0.0,0.0,0.0,0.0,1.0,0.0,0.0,0.0,0.0,30500000.0,1650000.0,118.0,0,0,0,0,0,0,0,1,0,0,0,0,0,0,0,0,1,0,0,0,0,1,0,0.0,0.0,1.0,1.0,1.0
Julius Caesar,0,"John Houseman, Producer",1953,7.4,4.595,0,0,0,0,0,0,0,0,1,0,0.0,0.0,0.0,0.0,0.0,1.0,0.0,0.0,0.0,0.0,0.0,0.0,0.0,0.0,120.0,0,0,0,1,0,0,0,1,0,0,0,1,0,0,0,0,0,0,0,0,0,0,0,0.0,0.0,0.0,0.0,0.0
The Robe,0,"Frank Ross, Producer",1953,6.8,5.359,0,0,0,0,0,0,0,0,1,0,0.0,0.0,0.0,0.0,0.0,0.0,0.0,0.0,1.0,0.0,0.0,0.0,36000000.0,4100000.0,135.0,0,0,0,0,0,0,0,1,0,0,0,1,0,0,0,0,0,0,0,0,0,0,0,0.0,0.0,0.0,0.0,0.0
Roman Holiday,0,"William Wyler, Producer",1953,8.1,10.101,0,0,0,1,0,0,0,0,0,0,0.0,0.0,0.0,0.0,0.0,0.0,0.0,1.0,0.0,0.0,0.0,0.0,12000000.0,1500000.0,119.0,0,0,0,0,1,0,0,0,0,0,0,0,0,0,0,0,1,0,0,0,0,0,0,0.0,1.0,0.0,0.0,0.0
Shane,0,"George Stevens, Producer",1953,7.7,8.416,0,0,0,0,0,0,0,0,1,0,0.0,0.0,0.0,1.0,0.0,0.0,0.0,0.0,0.0,0.0,0.0,0.0,20000000.0,3100000.0,118.0,0,0,0,0,0,0,0,1,0,0,0,0,0,0,0,0,0,0,0,0,0,0,1,0.0,0.0,0.0,0.0,0.0
The Caine Mutiny,0,"Stanley Kramer, Producer",1954,7.8,7.063,0,0,0,0,0,0,0,0,1,0,0.0,0.0,0.0,0.0,0.0,1.0,0.0,0.0,0.0,0.0,0.0,0.0,21750000.0,2000000.0,124.0,0,0,0,0,0,0,0,1,0,0,0,0,0,0,0,0,0,0,0,0,0,1,0,0.0,0.0,0.0,0.0,0.0
The Country Girl,0,"William Perlberg, Producer",1954,7.3,2.887,0,0,0,0,0,0,0,0,1,0,0.0,0.0,0.0,0.0,1.0,0.0,0.0,0.0,0.0,0.0,0.0,0.0,0.0,0.0,104.0,0,0,0,0,0,0,0,1,0,0,0,0,0,1,0,0,0,0,0,0,0,0,0,0.0,1.0,0.0,0.0,0.0
On the Waterfront,1,"Sam Spiegel, Producer",1954,8.2,12.564,0,0,0,0,0,0,0,0,1,0,0.0,0.0,0.0,0.0,0.0,1.0,0.0,0.0,0.0,0.0,0.0,0.0,9600000.0,910000.0,108.0,0,0,0,0,0,1,0,1,0,0,0,0,0,0,0,0,0,0,0,0,1,0,0,1.0,0.0,1.0,0.0,1.0
Seven Brides for Seven Brothers,0,"Jack Cummings, Producer",1954,7.4,6.02,0,0,1,0,0,0,0,0,0,0,0.0,0.0,0.0,0.0,0.0,0.0,1.0,0.0,0.0,0.0,0.0,0.0,5000000.0,0.0,102.0,0,0,0,0,1,0,0,1,0,0,0,0,0,0,1,0,1,0,0,0,0,0,1,0.0,0.0,0.0,0.0,0.0
Three Coins in the Fountain,0,"Sol C. Siegel, Producer",1954,6.3,2.286,0,0,0,0,0,0,0,0,1,0,0.0,0.0,0.0,0.0,1.0,0.0,0.0,0.0,0.0,0.0,0.0,0.0,0.0,0.0,102.0,0,0,0,0,0,0,0,1,0,0,0,0,0,0,0,0,1,0,0,0,0,0,0,0.0,0.0,0.0,0.0,0.0
Love Is a Many-Splendored Thing,0,"Buddy Adler, Producer",1955,6.6,2.283,0,0,0,0,0,0,0,0,0,1,0.0,0.0,0.0,0.0,0.0,0.0,0.0,1.0,0.0,0.0,0.0,0.0,0.0,0.0,102.0,0,0,0,1,0,0,0,1,0,0,0,0,0,0,0,0,1,0,0,0,0,1,0,0.0,0.0,0.0,0.0,0.0
Marty,1,"Harold Hecht, Producer",1955,7.7,5.7170000000000005,0,0,0,0,0,0,0,0,1,0,0.0,0.0,0.0,1.0,0.0,0.0,0.0,0.0,0.0,0.0,0.0,0.0,3000000.0,343000.0,90.0,0,0,0,0,0,0,0,1,0,0,0,0,0,0,0,0,1,0,0,0,0,0,0,1.0,0.0,1.0,0.0,0.0
Mister Roberts,0,"Leland Hayward, Producer",1955,7.8,4.69,0,0,0,0,0,0,0,0,1,0,0.0,0.0,0.0,0.0,0.0,0.0,1.0,0.0,0.0,0.0,0.0,0.0,0.0,0.0,123.0,0,0,0,0,1,0,0,1,0,0,0,0,0,0,0,0,0,0,0,0,0,1,0,0.0,0.0,0.0,1.0,0.0
Picnic,0,"Fred Kohlmar, Producer",1955,7.2,3.903,1,0,0,0,0,0,0,0,0,0,0.0,0.0,0.0,0.0,0.0,0.0,0.0,0.0,0.0,0.0,1.0,0.0,0.0,0.0,115.0,0,0,0,0,0,0,0,1,0,0,0,0,0,0,0,0,1,0,0,0,0,0,0,0.0,0.0,0.0,0.0,0.0
The Rose Tattoo,0,"Hal B. Wallis, Producer",1955,7.2,1.892,0,0,0,0,0,0,0,0,1,0,0.0,0.0,0.0,0.0,0.0,0.0,0.0,0.0,0.0,0.0,0.0,1.0,0.0,0.0,117.0,0,0,0,0,1,0,0,1,0,0,0,0,0,0,0,0,1,0,0,0,0,0,0,0.0,1.0,0.0,0.0,0.0
Around the World in 80 Days,1,"Michael Todd, Producer",1956,5.9,8.869,0,0,0,0,1,0,0,0,0,0,0.0,0.0,0.0,0.0,0.0,0.0,0.0,0.0,0.0,1.0,0.0,0.0,42000000.0,6000000.0,175.0,1,1,0,0,1,0,0,0,1,0,0,0,0,0,0,0,0,0,0,0,0,0,1,0.0,0.0,0.0,0.0,0.0
Friendly Persuasion,0,"William Wyler, Producer",1956,7.5,3.115,0,0,0,0,0,0,1,0,0,0,0.0,0.0,0.0,0.0,0.0,0.0,0.0,0.0,0.0,0.0,1.0,0.0,0.0,0.0,137.0,0,0,0,0,0,0,0,1,0,0,0,0,0,0,0,0,1,0,0,0,0,1,1,0.0,0.0,0.0,0.0,0.0
Giant,0,"George Stevens and Henry Ginsberg, Producers",1956,7.7,6.087000000000001,0,0,1,0,0,0,0,0,0,0,0.0,0.0,0.0,0.0,0.0,0.0,0.0,0.0,0.0,1.0,0.0,0.0,35000000.0,5400000.0,201.0,0,0,0,0,0,0,0,1,0,0,0,0,0,0,0,0,0,0,0,0,0,0,1,0.0,0.0,1.0,0.0,0.0
The King and I,0,"Charles Brackett, Producer",1956,7.5,6.3229999999999995,0,0,1,0,0,0,0,0,0,0,0.0,0.0,0.0,0.0,0.0,1.0,0.0,0.0,0.0,0.0,0.0,0.0,21300000.0,4550000.0,133.0,0,0,0,1,0,0,0,1,0,0,0,0,0,0,1,0,1,0,0,0,0,0,0,1.0,0.0,0.0,0.0,0.0
The Ten Commandments,0,"Cecil B. DeMille, Producer",1956,7.9,10.232999999999999,0,0,1,0,0,0,0,0,0,0,0.0,0.0,0.0,0.0,0.0,0.0,0.0,0.0,0.0,1.0,0.0,0.0,122700000.0,13000000.0,220.0,0,1,0,0,0,0,0,1,0,0,0,0,0,0,0,0,0,0,0,0,0,0,0,0.0,0.0,0.0,0.0,0.0
The Bridge on the River Kwai,1,"Sam Spiegel, Producer",1957,8.2,10.09,0,0,0,0,1,0,0,0,0,0,0.0,0.0,0.0,0.0,0.0,0.0,0.0,0.0,0.0,1.0,0.0,0.0,27200000.0,3000000.0,161.0,0,1,0,0,0,0,0,1,0,0,0,0,0,0,0,0,0,0,0,0,0,1,0,1.0,0.0,1.0,0.0,0.0
Peyton Place,0,"Jerry Wald, Producer",1957,7.2,2.859,1,0,0,0,0,0,0,0,0,0,0.0,0.0,0.0,0.0,0.0,0.0,0.0,0.0,0.0,0.0,0.0,1.0,0.0,0.0,151.0,0,0,0,0,0,0,0,1,0,0,0,0,0,0,0,0,1,0,0,0,0,0,0,0.0,0.0,0.0,0.0,0.0
Sayonara,0,"William Goetz, Producer",1957,7.2,3.9130000000000003,0,0,0,0,0,0,0,0,1,0,0.0,0.0,0.0,0.0,0.0,0.0,0.0,0.0,0.0,0.0,0.0,1.0,0.0,0.0,147.0,0,0,0,0,0,0,0,1,0,0,0,0,0,0,0,0,1,0,0,0,0,0,0,0.0,0.0,0.0,1.0,1.0
12 Angry Men,0,"Henry Fonda and Reginald Rose, Producers",1957,8.9,20.7,0,0,0,1,0,0,0,0,0,0,0.0,0.0,1.0,0.0,0.0,0.0,0.0,0.0,0.0,0.0,0.0,0.0,1000000.0,350000.0,97.0,0,0,0,0,0,1,0,1,0,0,0,0,0,0,0,0,0,0,0,0,0,0,0,0.0,0.0,0.0,0.0,0.0
Witness for the Prosecution,0,"Arthur Hornblow, Jr., Producer",1957,8.4,8.728,0,0,0,1,0,0,0,0,0,0,0.0,0.0,0.0,0.0,0.0,0.0,0.0,0.0,0.0,0.0,0.0,1.0,9000000.0,3000000.0,116.0,0,0,0,0,0,1,0,1,0,0,0,0,0,0,0,1,0,0,0,0,1,0,0,0.0,0.0,0.0,0.0,0.0
Auntie Mame,0,Warner Brothers,1958,8.0,3.738,0,0,0,0,0,0,0,0,1,0,0.0,0.0,0.0,0.0,0.0,0.0,0.0,0.0,0.0,0.0,0.0,1.0,0.0,0.0,143.0,0,0,0,0,1,0,0,1,0,0,0,0,0,0,0,0,1,0,0,0,0,0,0,0.0,0.0,0.0,0.0,0.0
Cat on a Hot Tin Roof,0,"Lawrence Weingarten, Producer",1958,8.1,6.629,0,0,0,1,0,0,0,0,0,0,0.0,1.0,0.0,0.0,0.0,0.0,0.0,0.0,0.0,0.0,0.0,0.0,17570324.0,3000000.0,108.0,0,0,0,0,0,0,0,1,0,0,0,0,0,0,0,0,0,0,0,0,0,0,0,0.0,0.0,0.0,0.0,0.0
The Defiant Ones,0,"Stanley Kramer, Producer",1958,7.7,3.978,1,0,0,0,0,0,0,0,0,0,0.0,0.0,0.0,0.0,0.0,0.0,0.0,1.0,0.0,0.0,0.0,0.0,0.0,0.0,96.0,0,0,0,0,0,1,0,1,0,0,0,0,0,0,0,0,0,0,0,0,0,0,0,0.0,0.0,0.0,0.0,0.0
Gigi,1,"Arthur Freed, Producer",1958,6.8,5.829,0,0,1,0,0,0,0,0,0,0,0.0,0.0,0.0,1.0,0.0,0.0,0.0,0.0,0.0,0.0,0.0,0.0,0.0,3319355.0,116.0,0,0,0,0,1,0,0,0,0,0,0,0,0,0,1,0,1,0,0,0,0,0,0,0.0,0.0,1.0,0.0,0.0
Separate Tables,0,"Harold Hecht, Producer",1958,7.5,3.763,0,0,0,0,0,0,0,0,1,0,0.0,0.0,0.0,0.0,0.0,0.0,0.0,0.0,0.0,0.0,0.0,1.0,0.0,0.0,100.0,0,0,0,0,0,0,0,1,0,0,0,0,0,0,0,0,1,0,0,0,0,0,0,1.0,0.0,0.0,0.0,1.0
Anatomy of a Murder,0,"Otto Preminger, Producer",1959,8.0,8.722000000000001,0,0,0,0,0,0,0,0,1,0,0.0,0.0,0.0,0.0,0.0,0.0,1.0,0.0,0.0,0.0,0.0,0.0,0.0,0.0,160.0,0,0,0,0,0,1,0,1,0,0,0,0,0,0,0,1,0,0,0,0,1,0,0,0.0,0.0,0.0,0.0,0.0
Ben-Hur,1,"Sam Zimbalist, Producer",1959,8.1,9.564,0,0,1,0,0,0,0,0,0,0,0.0,0.0,0.0,0.0,0.0,0.0,0.0,0.0,0.0,0.0,0.0,1.0,146900000.0,15000000.0,212.0,0,1,0,0,0,0,0,1,0,0,0,1,0,0,0,0,0,0,0,0,0,0,0,1.0,0.0,1.0,1.0,0.0
The Diary of Anne Frank,0,"George Stevens, Producer",1959,7.4,5.5329999999999995,1,0,0,0,0,0,0,0,0,0,0.0,0.0,1.0,0.0,0.0,0.0,0.0,0.0,0.0,0.0,0.0,0.0,0.0,3000000.0,180.0,0,0,0,1,0,0,0,1,1,0,0,1,0,0,0,0,0,0,0,0,0,1,0,0.0,0.0,0.0,0.0,1.0
The Nun's Story,0,"Henry Blanke, Producer",1959,7.6,4.857,0,0,0,0,0,0,0,0,1,0,0.0,0.0,0.0,0.0,0.0,1.0,0.0,0.0,0.0,0.0,0.0,0.0,12800000.0,3500000.0,149.0,0,0,0,0,0,0,0,1,0,0,0,0,0,0,0,0,0,0,0,0,0,0,0,0.0,0.0,0.0,0.0,0.0
Room at the Top,0,"John Woolf and James Woolf, Producers",1959,7.7,4.29,0,0,0,0,0,0,0,0,0,0,1.0,0.0,0.0,0.0,0.0,0.0,0.0,0.0,0.0,0.0,0.0,0.0,0.0,0.0,115.0,0,0,0,0,0,0,0,1,0,0,0,0,0,0,0,0,1,0,0,0,0,0,0,0.0,1.0,0.0,0.0,0.0
The Alamo,0,"John Wayne, Producer",1960,6.0,4.624,0,0,0,0,0,1,0,0,0,0,0.0,0.0,0.0,0.0,0.0,0.0,0.0,0.0,0.0,1.0,0.0,0.0,7900000.0,12000000.0,167.0,0,0,0,0,0,0,0,1,0,0,0,1,0,0,0,0,0,0,0,0,0,1,1,0.0,0.0,0.0,0.0,0.0
The Apartment,1,"Billy Wilder, Producer",1960,8.3,12.387,0,0,0,0,0,0,0,0,1,0,0.0,0.0,0.0,0.0,0.0,1.0,0.0,0.0,0.0,0.0,0.0,0.0,25000000.0,3000000.0,125.0,0,0,0,0,1,0,0,1,0,0,0,0,0,0,0,0,1,0,0,0,0,0,0,0.0,0.0,1.0,0.0,0.0
Elmer Gantry,0,"Bernard Smith, Producer",1960,7.8,3.555,1,0,0,0,0,0,0,0,0,0,0.0,0.0,0.0,0.0,0.0,1.0,0.0,0.0,0.0,0.0,0.0,0.0,10400000.0,3000000.0,146.0,0,0,0,0,0,0,0,1,0,0,0,0,0,0,0,0,0,0,0,0,0,0,0,1.0,0.0,0.0,0.0,1.0
Sons and Lovers,0,"Jerry Wald, Producer",1960,7.3,1.405,0,0,0,0,0,0,0,0,0,0,0.0,0.0,0.0,0.0,0.0,0.0,0.0,1.0,0.0,0.0,0.0,0.0,0.0,0.0,103.0,0,0,0,0,0,0,0,1,0,0,0,0,0,0,0,0,0,0,0,0,0,0,0,0.0,0.0,0.0,0.0,0.0
The Sundowners,0,"Fred Zinnemann, Producer",1960,7.2,1.9069999999999998,0,0,0,0,0,0,0,0,0,1,0.0,0.0,0.0,0.0,0.0,0.0,0.0,0.0,0.0,0.0,0.0,1.0,0.0,0.0,133.0,0,1,0,0,0,0,0,1,0,0,0,0,0,0,0,0,0,0,0,0,0,0,0,0.0,0.0,0.0,0.0,0.0
Fanny,0,"Joshua Logan, Producer",1961,7.0,1.146,0,0,0,0,0,0,0,0,1,0,0.0,0.0,0.0,0.0,0.0,1.0,0.0,0.0,0.0,0.0,0.0,0.0,0.0,0.0,134.0,0,0,0,0,0,0,0,1,0,0,0,0,0,0,0,0,1,0,0,0,0,0,0,0.0,0.0,0.0,0.0,0.0
The Guns of Navarone,0,"Carl Foreman, Producer",1961,7.6,7.483,0,0,0,0,1,0,0,0,0,0,0.0,0.0,0.0,1.0,0.0,0.0,0.0,0.0,0.0,0.0,0.0,0.0,28900000.0,6000000.0,158.0,1,1,0,0,0,0,0,1,0,0,0,0,0,0,0,0,0,0,0,0,0,1,0,0.0,0.0,0.0,0.0,0.0
The Hustler,0,"Robert Rossen, Producer",1961,8.0,7.6739999999999995,0,0,0,1,0,0,0,0,0,0,0.0,0.0,0.0,0.0,0.0,0.0,0.0,0.0,1.0,0.0,0.0,0.0,7600000.0,2000000.0,134.0,0,0,0,0,0,0,0,1,0,0,0,0,0,0,0,0,0,0,0,1,0,0,0,0.0,0.0,0.0,0.0,0.0
Judgment at Nuremberg,0,"Stanley Kramer, Producer",1961,8.2,7.412000000000001,0,0,0,1,0,0,0,0,0,0,0.0,0.0,0.0,0.0,0.0,0.0,0.0,0.0,0.0,0.0,0.0,1.0,10000000.0,3000000.0,186.0,0,0,0,0,0,0,0,1,0,0,0,0,0,0,0,0,0,0,0,0,0,1,0,1.0,0.0,0.0,0.0,0.0
West Side Story,1,"Robert Wise, Producer",1961,7.6,9.946,0,0,0,1,0,0,0,0,0,0,0.0,0.0,0.0,0.0,0.0,0.0,0.0,0.0,0.0,1.0,0.0,0.0,43656822.0,6000000.0,152.0,0,0,0,0,0,1,0,1,0,0,0,0,0,0,1,0,1,0,0,0,0,0,0,0.0,0.0,1.0,1.0,1.0
Lawrence of Arabia,1,"Sam Spiegel, Producer",1962,8.3,10.512,0,0,0,0,1,0,0,0,0,0,0.0,0.0,0.0,0.0,0.0,0.0,0.0,0.0,0.0,0.0,0.0,1.0,69995385.0,15000000.0,217.0,0,1,0,1,0,0,0,1,0,0,0,1,0,0,0,0,0,0,0,0,0,1,0,0.0,0.0,1.0,0.0,0.0
The Longest Day,0,"Darryl F. Zanuck, Producer",1962,7.8,9.766,0,0,1,0,0,0,0,0,0,0,0.0,0.0,0.0,0.0,0.0,0.0,0.0,0.0,1.0,0.0,0.0,0.0,50100000.0,10000000.0,178.0,1,0,0,0,0,0,0,1,0,0,0,1,0,0,0,0,0,0,0,0,0,1,0,0.0,0.0,0.0,0.0,0.0
Meredith Willson's The Music Man,0,"Morton Da Costa, Producer",1962,8.2,0.0,0,0,0,0,0,0,0,0,0,0,0.0,0.0,0.0,0.0,0.0,0.0,0.0,0.0,0.0,0.0,0.0,0.0,0.0,0.0,0.0,0,0,0,0,0,0,1,0,1,0,0,0,0,0,0,0,0,0,1,0,0,0,0,0.0,0.0,0.0,0.0,0.0
Mutiny on the Bounty,0,"Aaron Rosenberg, Producer",1962,7.8,7.416,0,0,0,0,0,0,0,0,1,0,0.0,0.0,0.0,0.0,0.0,0.0,0.0,0.0,0.0,0.0,1.0,0.0,13680000.0,19000000.0,178.0,0,1,0,1,0,0,0,1,0,0,0,1,0,0,0,0,1,0,0,0,0,0,0,0.0,0.0,0.0,0.0,0.0
To Kill a Mockingbird,0,"Alan J. Pakula, Producer",1962,8.3,10.34,0,0,0,1,0,0,0,0,0,0,0.0,0.0,0.0,0.0,0.0,0.0,0.0,0.0,0.0,0.0,0.0,1.0,13129846.0,2000000.0,129.0,0,0,0,0,0,1,0,1,0,0,0,0,0,0,0,0,0,0,0,0,0,0,0,1.0,0.0,0.0,0.0,0.0
America America,0,"Elia Kazan, Producer",1963,7.8,1.8980000000000001,0,0,0,1,0,0,0,0,0,0,0.0,0.0,0.0,0.0,0.0,0.0,0.0,0.0,0.0,0.0,0.0,1.0,0.0,0.0,174.0,0,0,0,0,0,0,0,1,0,0,0,0,0,0,0,0,0,0,0,0,0,0,0,0.0,0.0,0.0,0.0,0.0
Cleopatra,0,"Walter Wanger, Producer",1963,7.0,7.263999999999999,0,0,1,0,0,0,0,0,0,0,0.0,0.0,0.0,0.0,0.0,1.0,0.0,0.0,0.0,0.0,0.0,0.0,71000000.0,31115000.0,248.0,0,0,0,1,0,0,0,1,0,0,0,1,0,0,0,0,1,0,0,0,0,0,0,0.0,0.0,0.0,0.0,0.0
How the West Was Won,0,"Bernard Smith, Producer",1963,7.1,9.872,0,0,1,0,0,0,0,0,0,0,0.0,0.0,0.0,0.0,0.0,0.0,0.0,0.0,0.0,0.0,1.0,0.0,50000000.0,15000000.0,162.0,0,0,0,0,0,0,0,0,0,0,0,0,0,0,0,0,0,0,0,0,0,0,1,0.0,0.0,0.0,0.0,0.0
Lilies of the Field,0,"Ralph Nelson, Producer",1963,7.6,2.838,0,0,0,0,0,0,0,0,1,0,0.0,0.0,0.0,0.0,0.0,1.0,0.0,0.0,0.0,0.0,0.0,0.0,0.0,0.0,94.0,0,0,0,0,0,0,0,1,0,0,0,0,0,0,0,0,0,0,0,0,0,0,0,1.0,0.0,0.0,0.0,0.0
Tom Jones,1,"Tony Richardson, Producer",1963,6.7,6.9270000000000005,0,0,0,0,0,0,0,0,1,0,0.0,0.0,0.0,0.0,0.0,0.0,0.0,1.0,0.0,0.0,0.0,0.0,37600000.0,1000000.0,128.0,0,1,0,0,1,0,0,0,0,0,0,1,0,0,0,0,0,0,0,0,0,0,0,0.0,0.0,1.0,0.0,0.0
Becket,0,"Hal B. Wallis, Producer",1964,8.0,5.412999999999999,0,0,0,0,0,1,0,0,0,0,0.0,0.0,1.0,0.0,0.0,0.0,0.0,0.0,0.0,0.0,0.0,0.0,0.0,0.0,148.0,0,0,0,1,0,0,0,1,0,0,0,1,0,0,0,0,0,0,0,0,0,0,0,0.0,0.0,0.0,0.0,0.0
Dr. Strangelove or: How I Learned to Stop Worrying and Love the Bomb,0,"Stanley Kubrick, Producer",1964,8.4,17.756,0,0,0,0,1,0,0,0,0,0,1.0,0.0,0.0,0.0,0.0,0.0,0.0,0.0,0.0,0.0,0.0,0.0,9440272.0,1800000.0,95.0,0,0,0,0,1,0,0,0,0,0,0,0,0,0,0,0,0,0,0,0,0,0,0,0.0,0.0,0.0,0.0,0.0
Mary Poppins,0,"Walt Disney and Bill Walsh, Producers",1964,7.8,14.587,0,0,1,0,0,0,0,0,0,0,0.0,0.0,0.0,0.0,0.0,0.0,0.0,1.0,0.0,0.0,0.0,0.0,102272727.0,6000000.0,139.0,0,0,0,0,1,0,0,0,1,1,0,0,0,0,1,0,0,0,0,0,0,0,0,0.0,1.0,0.0,0.0,0.0
My Fair Lady,1,"Jack L. Warner, Producer",1964,7.9,10.138,0,0,1,0,0,0,0,0,0,0,0.0,0.0,0.0,0.0,0.0,0.0,0.0,0.0,0.0,1.0,0.0,0.0,72070731.0,17000000.0,170.0,0,0,0,0,0,0,0,1,1,0,0,0,0,0,1,0,1,0,0,0,0,0,0,1.0,0.0,1.0,0.0,0.0
Zorba the Greek,0,"Michael Cacoyannis, Producer",1964,7.7,6.861000000000001,0,0,0,1,0,0,0,0,0,0,0.0,0.0,0.0,0.0,0.0,0.0,0.0,0.0,0.0,0.0,0.0,1.0,0.0,783000.0,142.0,0,0,0,0,1,0,0,1,0,0,0,0,0,0,0,0,0,0,0,0,0,0,0,0.0,0.0,0.0,0.0,1.0
Darling,0,"Joseph Janni, Producer",1965,7.2,3.011,0,0,0,0,0,0,0,1,0,0,0.0,0.0,0.0,0.0,0.0,0.0,0.0,1.0,0.0,0.0,0.0,0.0,0.0,0.0,128.0,0,0,0,0,0,0,0,1,0,0,0,0,0,0,0,0,1,0,0,0,0,0,0,0.0,1.0,0.0,0.0,0.0
Doctor Zhivago,0,"Carlo Ponti, Producer",1965,8.0,9.474,0,0,0,0,0,1,0,0,0,0,0.0,0.0,0.0,0.0,0.0,0.0,0.0,0.0,0.0,0.0,0.0,1.0,111858363.0,11000000.0,200.0,0,0,0,0,0,0,0,1,0,0,0,0,0,0,0,0,1,0,0,0,0,1,0,0.0,0.0,0.0,0.0,0.0
Ship of Fools,0,"Stanley Kramer, Producer",1965,7.2,2.17,0,0,0,0,0,0,0,0,1,0,0.0,0.0,0.0,0.0,0.0,0.0,1.0,0.0,0.0,0.0,0.0,0.0,0.0,0.0,149.0,0,0,0,0,0,0,0,1,0,0,0,0,0,0,0,0,1,0,0,0,0,1,0,0.0,0.0,0.0,0.0,0.0
The Sound of Music,1,"Robert Wise, Producer",1965,8.0,10.883,0,0,1,0,0,0,0,0,0,0,0.0,0.0,1.0,0.0,0.0,0.0,0.0,0.0,0.0,0.0,0.0,0.0,286214286.0,8200000.0,175.0,0,0,0,1,0,0,0,1,1,0,0,0,0,0,1,0,1,0,0,0,0,0,0,0.0,0.0,1.0,0.0,0.0
A Thousand Clowns,0,"Fred Coe, Producer",1965,7.5,1.1909999999999998,0,0,0,0,0,0,0,0,0,1,0.0,0.0,0.0,0.0,0.0,0.0,0.0,0.0,0.0,0.0,0.0,1.0,0.0,0.0,118.0,0,0,0,0,1,0,0,1,0,0,0,0,0,0,0,0,1,0,0,0,0,0,0,0.0,0.0,0.0,1.0,0.0
Alfie,0,"Lewis Gilbert, Producer",1966,6.2,5.817,0,0,0,0,0,0,0,1,0,0,0.0,0.0,1.0,0.0,0.0,0.0,0.0,0.0,0.0,0.0,0.0,0.0,0.0,0.0,114.0,0,0,0,0,1,0,0,1,0,0,0,0,0,0,0,0,1,0,0,0,0,0,0,0.0,0.0,0.0,0.0,0.0
A Man for All Seasons,1,"Fred Zinnemann, Producer",1966,7.8,5.846,0,0,1,0,0,0,0,0,0,0,0.0,0.0,0.0,0.0,0.0,0.0,0.0,0.0,0.0,0.0,0.0,1.0,28350000.0,3900000.0,120.0,0,0,0,1,0,0,0,1,0,0,0,1,0,0,0,0,0,0,0,0,0,0,0,1.0,0.0,1.0,0.0,0.0
The Russians Are Coming The Russians Are Coming,0,"Norman Jewison, Producer",1966,6.4,3.012,0,0,0,0,0,0,0,0,0,0,0.0,0.0,0.0,0.0,1.0,0.0,0.0,0.0,0.0,0.0,0.0,0.0,0.0,0.0,126.0,0,0,0,0,0,0,1,0,0,0,0,0,0,0,0,0,0,0,1,0,0,0,0,0.0,0.0,0.0,0.0,0.0
The Sand Pebbles,0,"Robert Wise, Producer",1966,7.7,4.957,0,0,0,0,0,1,0,0,0,0,0.0,0.0,0.0,0.0,0.0,0.0,0.0,0.0,0.0,0.0,0.0,1.0,20000000.0,12000000.0,182.0,0,1,0,0,0,0,0,1,0,0,0,0,0,0,0,0,1,0,0,0,0,1,0,0.0,0.0,0.0,0.0,0.0
Who's Afraid of Virginia Woolf?,0,"Ernest Lehman, Producer",1966,8.0,6.718999999999999,0,0,0,1,0,0,0,0,0,0,0.0,0.0,0.0,0.0,0.0,1.0,0.0,0.0,0.0,0.0,0.0,0.0,33736689.0,7500000.0,131.0,0,0,0,0,0,0,0,1,0,0,0,0,0,0,0,0,0,0,0,0,0,0,0,0.0,1.0,0.0,0.0,1.0
Bonnie and Clyde,0,"Warren Beatty, Producer",1967,7.9,7.577000000000001,0,0,0,0,0,0,0,1,0,0,0.0,0.0,0.0,0.0,0.0,0.0,1.0,0.0,0.0,0.0,0.0,0.0,50700000.0,2500000.0,111.0,1,0,0,1,0,1,0,1,0,0,0,0,0,0,0,0,0,0,0,0,0,0,0,0.0,0.0,0.0,0.0,1.0
Doctor Dolittle,0,"Arthur P. Jacobs, Producer",1967,5.4,6.079,0,0,0,0,0,1,0,0,0,0,0.0,0.0,0.0,0.0,0.0,0.0,0.0,0.0,0.0,0.0,1.0,0.0,9000000.0,18000000.0,152.0,0,0,0,0,1,0,0,0,1,1,0,0,0,0,0,0,0,0,0,0,0,0,0,0.0,0.0,0.0,0.0,0.0
The Graduate,0,"Lawrence Turman, Producer",1967,8.0,9.486,0,0,0,0,1,0,0,0,0,0,0.0,0.0,0.0,0.0,0.0,0.0,0.0,0.0,0.0,0.0,0.0,1.0,104945305.0,3000000.0,106.0,0,0,0,0,1,0,0,1,0,0,0,0,0,0,0,0,1,0,0,0,0,0,0,0.0,0.0,1.0,0.0,0.0
Guess Who's Coming to Dinner,0,"Stanley Kramer, Producer",1967,7.8,7.678,0,0,0,0,0,0,0,0,1,0,0.0,0.0,0.0,0.0,0.0,0.0,0.0,0.0,0.0,0.0,0.0,1.0,56666667.0,4000000.0,108.0,0,0,0,0,1,0,0,1,0,0,0,0,0,0,0,0,0,0,0,0,0,0,0,0.0,1.0,0.0,0.0,0.0
In the Heat of the Night,1,"Walter Mirisch, Producer",1967,8.0,7.412999999999999,0,0,0,0,0,0,0,0,1,0,0.0,0.0,0.0,0.0,0.0,0.0,0.0,1.0,0.0,0.0,0.0,0.0,27379978.0,2000000.0,109.0,0,0,0,0,0,1,0,1,0,0,0,0,0,0,0,1,0,0,0,0,1,0,0,1.0,0.0,0.0,0.0,0.0
Funny Girl,0,"Ray Stark, Producer",1968,7.6,5.435,0,0,1,0,0,0,0,0,0,0,0.0,0.0,0.0,0.0,0.0,0.0,0.0,0.0,1.0,0.0,0.0,0.0,52223306.0,14000000.0,149.0,0,0,0,1,1,0,0,1,0,0,0,0,0,0,1,0,1,0,0,0,0,0,0,0.0,1.0,0.0,0.0,0.0
The Lion in Winter,0,"Martin Poll, Producer",1968,8.1,6.388999999999999,0,0,0,0,1,0,0,0,0,0,1.0,0.0,0.0,0.0,0.0,0.0,0.0,0.0,0.0,0.0,0.0,0.0,0.0,0.0,134.0,0,0,0,1,0,0,0,1,0,0,0,1,0,0,0,0,0,0,0,0,0,0,0,0.0,1.0,0.0,0.0,0.0
Oliver!,1,"John Woolf, Producer",1968,7.5,7.372000000000001,0,0,1,0,0,0,0,0,0,0,0.0,0.0,0.0,0.0,0.0,0.0,0.0,0.0,1.0,0.0,0.0,0.0,37402877.0,10000000.0,153.0,0,0,0,0,0,0,0,1,1,0,0,0,0,0,1,0,0,0,0,0,0,0,0,0.0,0.0,1.0,0.0,0.0
"Rachel, Rachel",0,"Paul Newman, Producer",1968,7.5,2.136,1,0,0,0,0,0,0,0,0,0,1.0,0.0,0.0,0.0,0.0,0.0,0.0,0.0,0.0,0.0,0.0,0.0,0.0,0.0,101.0,0,0,0,0,0,0,0,1,0,0,0,0,0,0,0,0,1,0,0,0,0,0,0,0.0,0.0,0.0,0.0,0.0
Romeo and Juliet,0,"Anthony Havelock-Allan and John Brabourne, Producers",1968,7.6,8.862,0,0,0,0,1,0,0,0,0,0,0.0,0.0,0.0,1.0,0.0,0.0,0.0,0.0,0.0,0.0,0.0,0.0,38901218.0,0.0,138.0,0,0,0,0,0,0,0,1,0,0,0,0,0,0,0,0,1,0,0,0,0,0,0,0.0,0.0,0.0,0.0,0.0
Anne of the Thousand Days,0,"Hal B. Wallis, Producer",1969,7.5,4.106,0,0,0,0,1,0,0,0,0,0,0.0,0.0,0.0,0.0,0.0,0.0,0.0,0.0,0.0,0.0,0.0,1.0,0.0,0.0,145.0,0,0,0,1,0,0,0,1,0,0,0,1,0,0,0,0,0,0,0,0,0,0,0,0.0,0.0,0.0,0.0,0.0
Butch Cassidy and the Sundance Kid,0,"John Foreman, Producer",1969,8.1,11.299000000000001,0,0,0,0,1,0,0,0,0,0,0.0,0.0,0.0,0.0,0.0,0.0,0.0,0.0,1.0,0.0,0.0,0.0,102308889.0,6000000.0,111.0,0,0,0,1,0,1,0,1,0,0,0,0,0,0,0,0,0,0,0,0,0,0,1,0.0,0.0,0.0,0.0,0.0
"Hello, Dolly!",0,"Ernest Lehman, Producer",1969,7.2,5.984,0,0,1,0,0,0,0,0,0,0,0.0,0.0,0.0,0.0,0.0,0.0,0.0,0.0,0.0,0.0,0.0,1.0,33208099.0,24000000.0,146.0,0,1,0,0,1,0,0,0,0,0,0,0,0,0,1,0,1,0,0,0,0,0,0,0.0,0.0,0.0,0.0,0.0
Midnight Cowboy,1,"Jerome Hellman, Producer",1969,7.9,9.52,0,0,0,0,0,0,0,1,0,0,0.0,0.0,0.0,0.0,1.0,0.0,0.0,0.0,0.0,0.0,0.0,0.0,44785053.0,3600000.0,113.0,0,0,0,0,0,0,0,1,0,0,0,0,0,0,0,0,0,0,0,0,0,0,0,0.0,0.0,1.0,0.0,0.0
Z,0,"Jacques Perrin and Hamed Rachedi, Producers",1969,8.2,7.164,0,0,0,0,1,0,0,0,0,0,0.0,1.0,0.0,0.0,0.0,0.0,0.0,0.0,0.0,0.0,0.0,0.0,83305.0,0.0,127.0,0,0,0,0,0,1,0,1,0,0,0,1,0,0,0,0,0,0,0,0,1,0,0,0.0,0.0,0.0,0.0,0.0
Airport,0,"Ross Hunter, Producer",1970,6.6,7.29,0,0,1,0,0,0,0,0,0,0,0.0,0.0,1.0,0.0,0.0,0.0,0.0,0.0,0.0,0.0,0.0,0.0,100489151.0,10000000.0,137.0,1,0,0,0,0,0,0,1,0,0,0,0,0,0,0,0,0,0,0,0,1,0,0,0.0,0.0,0.0,0.0,1.0
Five Easy Pieces,0,"Bob Rafelson and Richard Wechsler, Producers",1970,7.5,4.92,0,0,0,0,0,0,0,1,0,0,0.0,0.0,0.0,0.0,0.0,0.0,0.0,0.0,1.0,0.0,0.0,0.0,0.0,0.0,98.0,0,0,0,0,0,0,0,1,0,0,0,0,0,0,0,0,0,0,0,0,0,0,0,0.0,0.0,0.0,0.0,0.0
Love Story,0,"Howard G. Minsky, Producer",1970,6.9,5.857,0,0,0,0,1,0,0,0,0,0,0.0,0.0,0.0,0.0,0.0,0.0,0.0,0.0,0.0,0.0,0.0,1.0,136400000.0,2200000.0,99.0,0,0,0,0,0,0,0,1,0,0,0,0,0,0,0,0,1,0,0,0,0,0,0,0.0,0.0,0.0,0.0,0.0
MASH,1,"Ingo Preminger, Producer",1970,7.6,8.176,0,0,0,0,0,0,0,1,0,0,1.0,0.0,0.0,0.0,0.0,0.0,0.0,0.0,0.0,0.0,0.0,0.0,81600000.0,3500000.0,116.0,0,0,0,0,1,0,0,1,0,0,0,0,0,0,0,0,0,0,0,0,0,1,0,0.0,0.0,0.0,0.0,0.0
Patton,1,"Frank McCarthy, Producer",1970,8.0,9.083,0,0,0,0,1,0,0,0,0,0,1.0,0.0,0.0,0.0,0.0,0.0,0.0,0.0,0.0,0.0,0.0,0.0,89800000.0,12000000.0,172.0,0,0,0,1,0,0,0,1,0,0,0,0,0,0,0,0,0,0,0,0,0,1,0,1.0,0.0,1.0,0.0,0.0
A Clockwork Orange,0,"Stanley Kubrick, Producer",1971,8.3,19.866,0,0,0,0,0,0,0,1,0,0,0.0,0.0,0.0,0.0,0.0,0.0,0.0,0.0,0.0,0.0,0.0,1.0,26589000.0,2200000.0,136.0,0,0,0,0,0,1,0,1,0,0,0,0,0,0,0,0,0,1,0,0,0,0,0,0.0,0.0,0.0,0.0,0.0
Fiddler on the Roof,0,"Norman Jewison, Producer",1971,8.0,7.021,0,0,1,0,0,0,0,0,0,0,0.0,0.0,0.0,0.0,0.0,0.0,0.0,0.0,0.0,0.0,1.0,0.0,83304330.0,9000000.0,181.0,0,0,0,0,0,0,0,1,1,0,0,0,0,0,1,0,1,0,0,0,0,0,0,0.0,0.0,0.0,0.0,0.0
The French Connection,1,"Philip D'Antoni, Producer",1971,7.8,8.619,0,0,0,0,0,0,0,1,0,0,0.0,0.0,0.0,0.0,0.0,0.0,0.0,0.0,0.0,1.0,0.0,0.0,41158757.0,1800000.0,104.0,1,0,0,0,0,1,0,1,0,0,0,0,0,0,0,0,0,0,0,0,1,0,0,1.0,0.0,1.0,0.0,0.0
The Last Picture Show,0,"Stephen J. Friedman, Producer",1971,8.1,8.24,0,0,0,0,0,0,0,1,0,0,0.0,0.0,0.0,0.0,0.0,0.0,0.0,0.0,0.0,1.0,0.0,0.0,29133000.0,1300000.0,119.0,0,0,0,0,0,0,0,1,0,0,0,0,0,0,0,0,0,0,0,0,0,0,0,0.0,0.0,0.0,1.0,1.0
Nicholas and Alexandra,0,"Sam Spiegel, Producer",1971,7.3,2.057,0,0,0,0,1,0,0,0,0,0,0.0,0.0,0.0,0.0,0.0,0.0,0.0,0.0,0.0,0.0,1.0,0.0,0.0,0.0,189.0,0,0,0,1,0,0,0,1,0,0,0,1,0,0,0,0,0,0,0,0,0,1,0,0.0,0.0,0.0,0.0,0.0
Cabaret,0,"Cy Feuer, Producer",1972,7.8,6.441,0,0,0,0,1,0,0,0,0,0,0.0,1.0,0.0,0.0,0.0,0.0,0.0,0.0,0.0,0.0,0.0,0.0,0.0,6000000.0,124.0,0,0,0,0,0,0,0,1,0,0,0,0,0,0,1,0,0,0,0,0,0,0,0,0.0,1.0,1.0,1.0,0.0
Deliverance,0,"John Boorman, Producer",1972,7.7,6.816,0,0,0,0,0,0,0,1,0,0,0.0,0.0,0.0,0.0,0.0,0.0,1.0,0.0,0.0,0.0,0.0,0.0,46122355.0,2000000.0,109.0,0,1,0,0,0,0,0,1,0,0,0,0,0,0,0,0,0,0,0,0,1,0,0,0.0,0.0,0.0,0.0,0.0
The Emigrants,0,"Bengt Forslund, Producer",1972,8.0,4.035,0,0,0,0,1,0,0,0,0,0,0.0,0.0,1.0,0.0,0.0,0.0,0.0,0.0,0.0,0.0,0.0,0.0,0.0,0.0,191.0,0,0,0,0,0,0,0,1,0,0,0,1,0,0,0,0,0,0,0,0,0,0,0,0.0,0.0,0.0,0.0,0.0
The Godfather,1,"Albert S. Ruddy, Producer",1972,9.2,26.24,0,0,0,0,0,0,0,1,0,0,0.0,0.0,1.0,0.0,0.0,0.0,0.0,0.0,0.0,0.0,0.0,0.0,245066411.0,6000000.0,175.0,0,0,0,0,0,1,0,1,0,0,0,0,0,0,0,0,0,0,0,0,0,0,0,1.0,0.0,0.0,0.0,0.0
Sounder,0,"Robert B. Radnitz, Producer",1972,7.6,1.33,0,0,1,0,0,0,0,0,0,0,0.0,0.0,0.0,0.0,0.0,0.0,0.0,0.0,1.0,0.0,0.0,0.0,0.0,0.0,105.0,0,0,0,0,0,0,0,1,1,0,0,0,0,0,0,0,0,0,0,0,0,0,0,0.0,0.0,0.0,0.0,0.0
American Graffiti,0,"Francis Ford Coppola, Producer; Gary Kurtz, Co-Producer",1973,7.5,8.756,0,0,0,0,1,0,0,0,0,0,0.0,0.0,0.0,0.0,0.0,0.0,0.0,1.0,0.0,0.0,0.0,0.0,140000000.0,777000.0,110.0,0,0,0,0,1,0,0,1,0,0,0,0,0,0,0,0,0,0,0,0,0,0,0,0.0,0.0,0.0,0.0,0.0
The Exorcist,0,"William Peter Blatty, Producer",1973,8.0,13.710999999999999,0,0,0,0,0,0,0,1,0,0,0.0,0.0,0.0,0.0,0.0,0.0,0.0,0.0,0.0,0.0,0.0,1.0,441306145.0,8000000.0,122.0,0,0,0,0,0,0,0,0,0,0,0,0,1,0,0,0,0,0,0,0,0,0,0,0.0,0.0,0.0,0.0,0.0
The Sting,1,"Tony Bill, Michael Phillips and Julia Phillips, Producers",1973,8.3,9.085,0,0,0,0,1,0,0,0,0,0,0.0,0.0,0.0,0.0,0.0,0.0,0.0,0.0,0.0,0.0,0.0,1.0,159616327.0,5500000.0,129.0,0,0,0,0,1,1,0,1,0,0,0,0,0,0,0,0,0,0,0,0,0,0,0,0.0,0.0,1.0,0.0,0.0
A Touch of Class,0,"Melvin Frank, Producer",1973,6.5,1.159,0,0,0,0,1,0,0,0,0,0,1.0,0.0,0.0,0.0,0.0,0.0,0.0,0.0,0.0,0.0,0.0,0.0,0.0,0.0,106.0,0,0,0,0,1,0,0,0,0,0,0,0,0,0,0,0,1,0,0,0,0,0,0,0.0,1.0,0.0,0.0,0.0
Chinatown,0,"Robert Evans, Producer",1974,8.2,11.383,0,0,0,0,0,0,0,1,0,0,0.0,0.0,0.0,0.0,0.0,1.0,0.0,0.0,0.0,0.0,0.0,0.0,30000000.0,6000000.0,130.0,0,0,0,0,0,0,0,1,0,0,0,0,0,0,0,1,0,0,0,0,1,0,0,0.0,0.0,0.0,0.0,0.0
The Conversation,0,"Francis Ford Coppola, Producer; Fred Roos, Co-Producer",1974,7.9,8.811,0,0,0,0,1,0,0,0,0,0,0.0,0.0,0.0,1.0,0.0,0.0,0.0,0.0,0.0,0.0,0.0,0.0,4420000.0,1600000.0,113.0,0,0,0,0,0,0,0,1,0,0,0,0,0,0,0,1,0,0,0,0,1,0,0,0.0,0.0,0.0,0.0,0.0
The Godfather Part II,1,"Francis Ford Coppola, Producer; Gray Frederickson and Fred Roos, Co-Producers",1974,9.0,17.904,0,0,0,0,0,0,0,1,0,0,0.0,0.0,0.0,0.0,0.0,0.0,0.0,0.0,0.0,0.0,0.0,1.0,102600000.0,13000000.0,202.0,0,0,0,0,0,1,0,1,0,0,0,0,0,0,0,0,0,0,0,0,0,0,0,0.0,0.0,1.0,1.0,0.0
Lenny,0,"Marvin Worth, Producer",1974,7.6,4.455,0,0,0,0,0,0,0,1,0,0,0.0,0.0,0.0,0.0,0.0,0.0,0.0,0.0,0.0,0.0,1.0,0.0,0.0,0.0,111.0,0,0,0,1,0,0,0,1,0,0,0,0,0,0,0,0,0,0,0,0,0,0,0,0.0,0.0,0.0,0.0,0.0
The Towering Inferno,0,"Irwin Allen, Producer",1974,6.9,9.769,0,0,0,0,1,0,0,0,0,0,0.0,0.0,0.0,0.0,0.0,0.0,0.0,0.0,0.0,0.0,0.0,1.0,116000000.0,14000000.0,159.0,1,0,0,0,0,0,0,1,0,0,0,0,0,0,0,0,0,0,0,0,1,0,0,0.0,0.0,0.0,0.0,0.0
Barry Lyndon,0,"Stanley Kubrick, Producer",1975,8.1,9.776,0,0,0,0,1,0,0,0,0,0,0.0,0.0,0.0,0.0,0.0,0.0,0.0,0.0,0.0,0.0,1.0,0.0,20000000.0,11000000.0,185.0,0,1,0,0,0,0,0,1,0,0,0,1,0,0,0,0,0,0,0,0,0,1,0,0.0,0.0,0.0,0.0,0.0
Dog Day Afternoon,0,"Martin Bregman and Martin Elfand, Producers",1975,8.0,7.925,0,0,0,0,0,0,0,1,0,0,0.0,0.0,0.0,0.0,0.0,0.0,0.0,1.0,0.0,0.0,0.0,0.0,46665856.0,1800000.0,125.0,0,0,0,1,0,1,0,1,0,0,0,0,0,0,0,0,0,0,0,0,1,0,0,0.0,0.0,0.0,0.0,0.0
Jaws,0,"Richard D. Zanuck and David Brown, Producers",1975,8.0,16.072,0,0,0,0,1,0,0,0,0,0,0.0,0.0,0.0,0.0,0.0,1.0,0.0,0.0,0.0,0.0,0.0,0.0,470653000.0,7000000.0,124.0,0,1,0,0,0,0,0,1,0,0,0,0,0,0,0,0,0,0,0,0,1,0,0,0.0,0.0,0.0,0.0,0.0
One Flew over the Cuckoo's Nest,1,"Saul Zaentz and Michael Douglas, Producers",1975,8.7,23.237,0,0,0,0,0,0,0,1,0,0,0.0,0.0,0.0,0.0,0.0,0.0,0.0,0.0,0.0,0.0,1.0,0.0,108981275.0,3000000.0,133.0,0,0,0,0,0,0,0,1,0,0,0,0,0,0,0,0,0,0,0,0,0,0,0,1.0,1.0,1.0,0.0,0.0
All the President's Men,0,"Walter Coblenz, Producer",1976,8.0,14.23,0,0,0,0,1,0,0,0,0,0,0.0,0.0,0.0,1.0,0.0,0.0,0.0,0.0,0.0,0.0,0.0,0.0,70600000.0,8500000.0,138.0,0,0,0,1,0,0,0,1,0,0,0,1,0,0,0,0,0,0,0,0,1,0,0,0.0,0.0,0.0,1.0,0.0
Bound for Glory,0,"Robert F. Blumofe and Harold Leventhal, Producers",1976,7.3,2.6289999999999996,0,0,0,0,1,0,0,0,0,0,0.0,0.0,0.0,0.0,0.0,0.0,0.0,0.0,0.0,0.0,0.0,1.0,0.0,0.0,147.0,0,0,0,1,0,0,0,1,0,0,0,0,0,1,0,0,0,0,0,0,0,0,0,0.0,0.0,0.0,0.0,0.0
Network,0,"Howard Gottfried, Producer",1976,8.1,8.482000000000001,0,0,0,0,0,0,0,1,0,0,0.0,0.0,0.0,0.0,0.0,0.0,0.0,0.0,0.0,0.0,1.0,0.0,23689877.0,3800000.0,122.0,0,0,0,0,0,0,0,1,0,0,0,0,0,0,0,0,0,0,0,0,0,0,0,1.0,1.0,0.0,0.0,1.0
Rocky,1,"Irwin Winkler and Robert Chartoff, Producers",1976,8.1,22.269000000000002,0,0,0,0,1,0,0,0,0,0,0.0,0.0,0.0,0.0,0.0,0.0,0.0,0.0,0.0,0.0,1.0,0.0,117235147.0,1000000.0,119.0,0,0,0,0,0,0,0,1,0,0,0,0,0,0,0,0,0,0,0,1,0,0,0,0.0,0.0,1.0,0.0,0.0
Taxi Driver,0,"Michael Phillips and Julia Phillips, Producers",1976,8.3,18.985,0,0,0,0,0,0,0,1,0,0,0.0,1.0,0.0,0.0,0.0,0.0,0.0,0.0,0.0,0.0,0.0,0.0,28262574.0,1300000.0,114.0,0,0,0,0,0,1,0,1,0,0,0,0,0,0,0,0,0,0,0,0,0,0,0,0.0,0.0,0.0,0.0,0.0
Annie Hall,1,"Charles H. Joffe, Producer",1977,8.0,7.947,0,0,0,0,1,0,0,0,0,0,0.0,0.0,0.0,1.0,0.0,0.0,0.0,0.0,0.0,0.0,0.0,0.0,38251425.0,4000000.0,93.0,0,0,0,0,1,0,0,0,0,0,0,0,0,0,0,0,1,0,0,0,0,0,0,0.0,1.0,1.0,0.0,0.0
The Goodbye Girl,0,"Ray Stark, Producer",1977,7.4,2.673,0,0,0,0,1,0,0,0,0,0,0.0,0.0,0.0,0.0,0.0,0.0,0.0,0.0,0.0,0.0,1.0,0.0,102000000.0,0.0,111.0,0,0,0,0,1,0,0,1,0,0,0,0,0,0,0,0,1,0,0,0,0,0,0,1.0,0.0,0.0,0.0,0.0
Julia,0,"Richard Roth, Producer",1977,7.3,3.346,0,0,0,0,1,0,0,0,0,0,0.0,0.0,0.0,0.0,0.0,0.0,0.0,0.0,0.0,1.0,0.0,0.0,0.0,0.0,117.0,0,0,0,0,0,0,0,1,0,0,0,0,0,0,0,0,0,0,0,0,0,0,0,0.0,0.0,0.0,1.0,1.0
Star Wars,0,"Gary Kurtz, Producer",1977,8.6,35.056,0,0,0,0,1,0,0,0,0,0,0.0,0.0,0.0,0.0,1.0,0.0,0.0,0.0,0.0,0.0,0.0,0.0,775398007.0,11000000.0,121.0,1,1,0,0,0,0,0,0,0,1,0,0,0,0,0,0,0,1,0,0,0,0,0,0.0,0.0,0.0,0.0,0.0
The Turning Point,0,"Herbert Ross and Arthur Laurents, Producers",1977,6.9,2.229,0,0,0,0,1,0,0,0,0,0,0.0,0.0,0.0,0.0,0.0,0.0,0.0,0.0,0.0,0.0,1.0,0.0,0.0,0.0,119.0,0,0,0,0,0,0,0,1,0,0,0,0,0,0,0,0,1,0,0,0,0,0,0,0.0,0.0,0.0,0.0,0.0
Coming Home,0,"Jerome Hellman, Producer",1978,7.3,6.117000000000001,0,0,0,0,0,0,0,1,0,0,0.0,1.0,0.0,0.0,0.0,0.0,0.0,0.0,0.0,0.0,0.0,0.0,0.0,3000000.0,127.0,0,0,0,0,0,0,0,1,0,0,0,0,0,0,0,0,1,0,0,0,0,1,0,1.0,1.0,0.0,0.0,0.0
The Deer Hunter,1,"Barry Spikings, Michael Deeley, Michael Cimino and John Peverall, Producers",1978,8.1,10.828,0,0,0,0,0,0,0,1,0,0,0.0,0.0,0.0,0.0,0.0,0.0,0.0,0.0,0.0,0.0,0.0,1.0,50000000.0,15000000.0,183.0,0,0,0,0,0,0,0,1,0,0,0,0,0,0,0,0,0,0,0,0,0,1,0,0.0,0.0,1.0,1.0,0.0
Heaven Can Wait,0,"Warren Beatty, Producer",1978,6.9,5.047,0,0,0,0,1,0,0,0,0,0,0.0,0.0,0.0,0.0,0.0,1.0,0.0,0.0,0.0,0.0,0.0,0.0,0.0,0.0,101.0,0,0,0,0,1,0,0,0,0,1,0,0,0,0,0,0,1,0,0,1,0,0,0,0.0,0.0,0.0,0.0,0.0
Midnight Express,0,"Alan Marshall and David Puttnam, Producers",1978,7.6,7.5,0,0,0,0,0,0,0,1,0,0,0.0,0.0,0.0,0.0,0.0,0.0,0.0,0.0,1.0,0.0,0.0,0.0,35000000.0,2300000.0,121.0,0,0,0,1,0,1,0,1,0,0,0,0,0,0,0,0,0,0,0,0,1,0,0,0.0,0.0,0.0,0.0,0.0
An Unmarried Woman,0,"Paul Mazursky and Tony Ray, Producers",1978,7.2,1.633,0,0,0,0,0,0,0,1,0,0,0.0,0.0,0.0,0.0,1.0,0.0,0.0,0.0,0.0,0.0,0.0,0.0,24000000.0,2515000.0,124.0,0,0,0,0,1,0,0,1,0,0,0,0,0,0,0,0,1,0,0,0,0,0,0,0.0,0.0,0.0,0.0,0.0
All That Jazz,0,"Robert Alan Aurthur, Producer",1979,7.8,5.294,0,0,0,0,0,0,0,1,0,0,0.0,0.0,0.0,0.0,0.0,0.0,0.0,0.0,0.0,0.0,0.0,1.0,37823676.0,0.0,123.0,0,0,0,0,1,0,0,1,0,0,0,0,0,1,1,0,0,0,0,0,0,0,0,0.0,0.0,0.0,0.0,0.0
Apocalypse Now,0,"Francis Coppola, Producer; Fred Roos, Gray Frederickson and Tom Sternberg, Co-Producers",1979,8.5,18.477,0,0,0,0,0,0,0,1,0,0,0.0,0.0,0.0,0.0,0.0,0.0,0.0,1.0,0.0,0.0,0.0,0.0,89460381.0,31500000.0,147.0,0,0,0,0,0,0,0,1,0,0,0,0,0,0,0,0,0,0,0,0,0,1,0,0.0,0.0,0.0,0.0,0.0
Breaking Away,0,"Peter Yates, Producer",1979,7.7,6.627000000000001,0,0,0,0,1,0,0,0,0,0,0.0,0.0,0.0,0.0,1.0,0.0,0.0,0.0,0.0,0.0,0.0,0.0,20000000.0,2300000.0,100.0,0,0,0,0,1,0,0,1,0,0,0,0,0,0,0,0,1,0,0,1,0,0,0,0.0,0.0,0.0,0.0,0.0
Kramer vs. Kramer,1,"Stanley R. Jaffe, Producer",1979,7.8,6.035,0,0,0,0,1,0,0,0,0,0,0.0,0.0,0.0,0.0,0.0,0.0,0.0,0.0,0.0,0.0,0.0,1.0,106260000.0,8000000.0,105.0,0,0,0,0,0,0,0,1,0,0,0,0,0,0,0,0,0,0,0,0,0,0,0,1.0,0.0,1.0,0.0,1.0
Norma Rae,0,"Tamara Asseyev and Alex Rose, Producers",1979,7.4,3.293,0,0,0,0,1,0,0,0,0,0,0.0,0.0,1.0,0.0,0.0,0.0,0.0,0.0,0.0,0.0,0.0,0.0,22228000.0,0.0,110.0,0,0,0,0,0,0,0,1,0,0,0,0,0,0,0,0,0,0,0,0,0,0,0,0.0,1.0,0.0,0.0,0.0
Coal Miner's Daughter,0,"Bernard Schwartz, Producer",1980,7.5,6.0889999999999995,0,0,0,0,1,0,0,0,0,0,0.0,0.0,1.0,0.0,0.0,0.0,0.0,0.0,0.0,0.0,0.0,0.0,67182787.0,15000000.0,125.0,0,0,0,1,0,0,0,1,0,0,0,0,0,1,1,0,0,0,0,0,0,0,0,0.0,1.0,0.0,0.0,0.0
The Elephant Man,0,"Jonathan Sanger, Producer",1980,8.2,8.503,0,0,0,0,1,0,0,0,0,0,0.0,0.0,0.0,0.0,0.0,0.0,0.0,0.0,0.0,1.0,0.0,0.0,26010864.0,5000000.0,124.0,0,0,0,1,0,0,0,1,0,0,0,0,0,0,0,0,0,0,0,0,0,0,0,0.0,0.0,0.0,0.0,0.0
Ordinary People,1,"Ronald L. Schwary, Producer",1980,7.8,8.504,0,0,0,0,0,0,0,1,0,0,0.0,0.0,0.0,0.0,0.0,0.0,0.0,0.0,1.0,0.0,0.0,0.0,0.0,6000000.0,124.0,0,0,0,0,0,0,0,1,0,0,0,0,0,0,0,0,0,0,0,0,0,0,0,0.0,0.0,1.0,1.0,0.0
Raging Bull,0,"Irwin Winkler and Robert Chartoff, Producers",1980,8.2,12.637,0,0,0,0,0,0,0,1,0,0,0.0,0.0,0.0,0.0,0.0,0.0,0.0,0.0,0.0,0.0,1.0,0.0,23000000.0,18000000.0,129.0,0,0,0,1,0,0,0,1,0,0,0,0,0,0,0,0,0,0,0,1,0,0,0,1.0,0.0,0.0,0.0,0.0
Tess,0,"Claude Berri, Producer; Timothy Burrill, Co-Producer",1980,7.3,6.081,0,0,0,0,1,0,0,0,0,0,0.0,0.0,0.0,0.0,0.0,0.0,0.0,0.0,0.0,1.0,0.0,0.0,0.0,0.0,171.0,0,0,0,0,0,0,0,1,0,0,0,0,0,0,0,0,1,0,0,0,0,0,0,0.0,0.0,0.0,0.0,0.0
Atlantic City,0,"Denis Heroux and John Kemeny, Producers",1981,7.4,4.565,0,0,0,0,0,0,0,1,0,0,0.0,0.0,0.0,0.0,0.0,0.0,0.0,0.0,1.0,0.0,0.0,0.0,12729675.0,7200000.0,104.0,0,0,0,0,0,1,0,1,0,0,0,0,0,0,0,0,1,0,0,0,0,0,0,0.0,0.0,0.0,0.0,0.0
Chariots of Fire,1,"David Puttnam, Producer",1981,7.2,8.857000000000001,0,0,0,0,1,0,0,0,0,0,0.0,0.0,0.0,0.0,1.0,0.0,0.0,0.0,0.0,0.0,0.0,0.0,58972904.0,5500000.0,123.0,0,0,0,1,0,0,0,1,0,0,0,0,0,0,0,0,0,0,0,1,0,0,0,0.0,0.0,0.0,0.0,0.0
On Golden Pond,0,"Bruce Gilbert, Producer",1981,7.7,7.652,0,0,0,0,1,0,0,0,0,0,0.0,0.0,0.0,0.0,0.0,0.0,0.0,0.0,0.0,0.0,0.0,1.0,19255967.0,0.0,109.0,0,0,0,0,0,0,0,1,0,0,0,0,0,0,0,0,0,0,0,0,0,0,0,1.0,1.0,0.0,0.0,0.0
Raiders of the Lost Ark,0,"Frank Marshall, Producer",1981,8.5,21.45,0,0,0,0,1,0,0,0,0,0,0.0,0.0,0.0,0.0,0.0,1.0,0.0,0.0,0.0,0.0,0.0,0.0,389925971.0,18000000.0,115.0,1,1,0,0,0,0,0,0,0,0,0,0,0,0,0,0,0,0,0,0,0,0,0,0.0,0.0,0.0,0.0,0.0
Reds,0,"Warren Beatty, Producer",1981,7.4,5.74,0,0,0,0,1,0,0,0,0,0,0.0,0.0,0.0,0.0,0.0,0.0,0.0,0.0,0.0,0.0,0.0,1.0,40382659.0,32000000.0,195.0,0,0,0,1,0,0,0,1,0,0,0,1,0,0,0,0,1,0,0,0,0,0,0,0.0,0.0,1.0,0.0,1.0
E.T. The Extra-Terrestrial,0,"Steven Spielberg and Kathleen Kennedy, Producers",1982,7.9,15.717,0,0,0,0,1,0,0,0,0,0,0.0,0.0,0.0,0.0,0.0,1.0,0.0,0.0,0.0,0.0,0.0,0.0,792965326.0,10500000.0,115.0,0,0,0,0,0,0,0,0,1,0,0,0,0,0,0,0,0,1,0,0,0,0,0,0.0,0.0,0.0,0.0,0.0
Gandhi,1,"Richard Attenborough, Producer",1982,8.1,7.524,0,0,0,0,1,0,0,0,0,0,0.0,0.0,0.0,0.0,0.0,0.0,0.0,0.0,0.0,0.0,1.0,0.0,77737889.0,22000000.0,191.0,0,0,0,1,0,0,0,1,0,0,0,1,0,0,0,0,0,0,0,0,0,0,0,1.0,0.0,1.0,0.0,0.0
Missing,0,"Edward Lewis and Mildred Lewis, Producers",1982,7.8,5.14,0,0,0,0,1,0,0,0,0,0,0.0,1.0,0.0,0.0,0.0,0.0,0.0,0.0,0.0,0.0,0.0,0.0,14000000.0,0.0,122.0,0,0,0,1,0,0,0,1,0,0,0,1,0,0,0,1,0,0,0,0,1,0,0,0.0,0.0,0.0,0.0,0.0
Tootsie,0,"Sydney Pollack and Dick Richards, Producers",1982,7.4,7.14,0,0,0,0,1,0,0,0,0,0,0.0,0.0,0.0,0.0,0.0,0.0,0.0,0.0,0.0,0.0,0.0,1.0,177200000.0,21000000.0,116.0,0,0,0,0,1,0,0,1,0,0,0,0,0,0,0,0,1,0,0,0,0,0,0,0.0,0.0,0.0,0.0,1.0
The Verdict,0,"Richard D. Zanuck and David Brown, Producers",1982,7.8,6.4,0,0,0,0,0,0,0,1,0,0,0.0,0.0,0.0,0.0,0.0,0.0,0.0,0.0,0.0,0.0,0.0,1.0,53977250.0,16000000.0,129.0,0,0,0,0,0,0,0,1,0,0,0,0,0,0,0,0,0,0,0,0,0,0,0,0.0,0.0,0.0,0.0,0.0
The Big Chill,0,"Michael Shamberg, Producer",1983,7.2,6.909,0,0,0,0,0,0,0,1,0,0,0.0,0.0,0.0,0.0,0.0,0.0,0.0,0.0,1.0,0.0,0.0,0.0,0.0,0.0,105.0,0,0,0,0,1,0,0,1,0,0,0,0,0,0,0,0,0,0,0,0,0,0,0,0.0,0.0,0.0,0.0,0.0
The Dresser,0,"Peter Yates, Producer",1983,7.7,2.401,0,0,0,0,1,0,0,0,0,0,0.0,0.0,0.0,0.0,0.0,0.0,0.0,0.0,0.0,0.0,0.0,1.0,0.0,0.0,118.0,0,0,0,0,0,0,0,1,0,0,0,0,0,0,0,0,0,0,0,0,0,0,0,0.0,0.0,0.0,0.0,0.0
The Right Stuff,0,"Irwin Winkler and Robert Chartoff, Producers",1983,7.9,7.202999999999999,0,0,0,0,1,0,0,0,0,0,0.0,0.0,0.0,0.0,0.0,0.0,0.0,0.0,0.0,1.0,0.0,0.0,21500000.0,27000000.0,193.0,0,1,0,1,0,0,0,1,0,0,0,1,0,0,0,0,0,0,0,0,0,0,0,0.0,0.0,0.0,0.0,0.0
Tender Mercies,0,"Philip S. Hobel, Producer",1983,7.4,2.479,0,0,0,0,1,0,0,0,0,0,0.0,0.0,0.0,1.0,0.0,0.0,0.0,0.0,0.0,0.0,0.0,0.0,0.0,0.0,92.0,0,0,0,0,0,0,0,1,0,0,0,0,0,1,0,0,0,0,0,0,0,0,0,1.0,0.0,0.0,0.0,0.0
Terms of Endearment,1,"James L. Brooks, Producer",1983,7.4,7.002999999999999,0,0,0,0,1,0,0,0,0,0,0.0,0.0,0.0,0.0,0.0,0.0,0.0,0.0,0.0,0.0,1.0,0.0,0.0,8000000.0,132.0,0,0,0,0,1,0,0,1,0,0,0,0,0,0,0,0,0,0,0,0,0,0,0,0.0,1.0,1.0,1.0,0.0
Amadeus,1,"Saul Zaentz, Producer",1984,8.3,8.872,0,0,0,0,0,0,0,1,0,0,0.0,0.0,0.0,0.0,0.0,0.0,0.0,0.0,0.0,1.0,0.0,0.0,51973029.0,18000000.0,160.0,0,0,0,1,0,0,0,1,0,0,0,1,0,1,0,0,0,0,0,0,0,0,0,1.0,0.0,1.0,0.0,0.0
The Killing Fields,0,"David Puttnam, Producer",1984,7.9,6.776,0,0,0,0,0,0,0,1,0,0,0.0,0.0,0.0,0.0,0.0,0.0,0.0,0.0,0.0,0.0,1.0,0.0,34700291.0,14400000.0,142.0,0,0,0,1,0,0,0,1,0,0,0,1,0,0,0,0,0,0,0,0,0,1,0,0.0,0.0,0.0,1.0,0.0
A Passage to India,0,"John Brabourne and Richard Goodwin, Producers",1984,7.4,6.017,0,0,0,0,1,0,0,0,0,0,0.0,0.0,0.0,0.0,0.0,0.0,0.0,0.0,0.0,0.0,0.0,1.0,27187653.0,8000000.0,163.0,0,1,0,0,0,0,0,1,0,0,0,1,0,0,0,0,0,0,0,0,0,0,0,0.0,0.0,0.0,0.0,1.0
Places in the Heart,0,"Arlene Donovan, Producer",1984,7.4,2.552,0,0,0,0,1,0,0,0,0,0,0.0,0.0,0.0,0.0,0.0,0.0,0.0,0.0,1.0,0.0,0.0,0.0,0.0,0.0,111.0,0,0,0,0,0,0,0,1,0,0,0,0,0,0,0,0,0,0,0,0,0,0,0,0.0,1.0,0.0,0.0,0.0
A Soldier's Story,0,"Norman Jewison, Ronald L. Schwary and Patrick Palmer, Producers",1984,7.2,4.255,0,0,0,0,1,0,0,0,0,0,0.0,0.0,0.0,0.0,0.0,0.0,0.0,0.0,1.0,0.0,0.0,0.0,21821347.0,6000000.0,101.0,0,0,0,0,0,1,0,1,0,0,0,0,0,0,0,1,0,0,0,0,0,0,0,0.0,0.0,0.0,0.0,0.0
The Color Purple,0,"Steven Spielberg, Kathleen Kennedy, Frank Marshall and Quincy Jones, Producers",1985,7.8,8.225,0,0,0,0,0,1,0,0,0,0,0.0,0.0,0.0,0.0,0.0,0.0,0.0,0.0,0.0,0.0,0.0,1.0,146292009.0,15000000.0,154.0,0,0,0,0,0,0,0,1,0,0,0,0,0,0,0,0,0,0,0,0,0,0,0,0.0,0.0,0.0,0.0,0.0
Kiss of the Spider Woman,0,"David Weisman, Producer",1985,7.4,4.547,0,0,0,0,0,0,0,1,0,0,0.0,0.0,0.0,0.0,0.0,0.0,1.0,0.0,0.0,0.0,0.0,0.0,0.0,0.0,120.0,0,0,0,0,0,0,0,1,0,0,0,0,0,0,0,0,0,0,0,0,0,0,0,1.0,0.0,0.0,0.0,0.0
Out of Africa,1,"Sydney Pollack, Producer",1985,7.2,5.706,0,0,0,0,1,0,0,0,0,0,0.0,0.0,0.0,0.0,0.0,0.0,0.0,0.0,0.0,0.0,0.0,1.0,128499205.0,31000000.0,161.0,0,0,0,1,0,0,0,1,0,0,0,0,0,0,0,0,1,0,0,0,0,0,0,0.0,0.0,1.0,0.0,0.0
Prizzi's Honor,0,"John Foreman, Producer",1985,6.8,7.494,0,0,0,0,0,0,0,1,0,0,0.0,0.0,0.0,0.0,0.0,1.0,0.0,0.0,0.0,0.0,0.0,0.0,26657534.0,0.0,124.0,0,0,0,0,1,1,0,1,0,0,0,0,0,0,0,0,1,0,0,0,0,0,0,0.0,0.0,0.0,0.0,1.0
Witness,0,"Edward S. Feldman, Producer",1985,7.4,8.668,0,0,0,0,0,0,0,1,0,0,0.0,1.0,0.0,0.0,0.0,0.0,0.0,0.0,0.0,0.0,0.0,0.0,68706993.0,12000000.0,113.0,0,0,0,0,0,1,0,1,0,0,0,0,0,0,0,0,1,0,0,0,1,0,0,0.0,0.0,0.0,0.0,0.0
Children of a Lesser God,0,"Burt Sugarman and Patrick Palmer, Producers",1986,7.2,5.86,0,0,0,0,0,0,0,1,0,0,0.0,0.0,0.0,0.0,0.0,0.0,0.0,0.0,1.0,0.0,0.0,0.0,31853080.0,0.0,119.0,0,0,0,0,0,0,0,1,0,0,0,0,0,0,0,0,1,0,0,0,0,0,0,0.0,1.0,0.0,0.0,0.0
Hannah and Her Sisters,0,"Robert Greenhut, Producer",1986,7.9,8.577,0,0,0,0,0,1,0,0,0,0,0.0,1.0,0.0,0.0,0.0,0.0,0.0,0.0,0.0,0.0,0.0,0.0,40084041.0,6400000.0,107.0,0,0,0,0,1,0,0,1,0,0,0,0,0,0,0,0,0,0,0,0,0,0,0,0.0,0.0,0.0,1.0,1.0
The Mission,0,"Fernando Ghia and David Puttnam, Producers",1986,7.5,7.21,0,0,0,0,1,0,0,0,0,0,0.0,0.0,0.0,0.0,0.0,0.0,0.0,0.0,1.0,0.0,0.0,0.0,17218023.0,24500000.0,126.0,0,1,0,0,0,0,0,1,0,0,0,1,0,0,0,0,0,0,0,0,0,0,0,0.0,0.0,0.0,0.0,0.0
Platoon,1,"Arnold Kopelson, Producer",1986,8.1,10.869000000000002,0,0,0,0,0,0,0,1,0,0,0.0,0.0,0.0,0.0,0.0,0.0,0.0,0.0,0.0,0.0,0.0,1.0,138530565.0,6000000.0,120.0,0,0,0,0,0,0,0,1,0,0,0,0,0,0,0,0,0,0,0,0,0,1,0,0.0,0.0,1.0,0.0,0.0
A Room with a View,0,"Ismail Merchant, Producer",1986,7.4,8.476,0,0,0,0,0,0,0,0,1,0,0.0,0.0,0.0,0.0,0.0,0.0,0.0,0.0,0.0,0.0,0.0,1.0,20966644.0,3000000.0,117.0,0,0,0,0,0,0,0,1,0,0,0,0,0,0,0,0,1,0,0,0,0,0,0,0.0,0.0,0.0,0.0,0.0
Broadcast News,0,"James L. Brooks, Producer",1987,7.2,6.803999999999999,0,0,0,0,0,0,0,1,0,0,0.0,0.0,0.0,0.0,0.0,0.0,0.0,0.0,0.0,0.0,0.0,1.0,51249404.0,20000000.0,133.0,0,0,0,0,1,0,0,1,0,0,0,0,0,0,0,0,1,0,0,0,0,0,0,0.0,0.0,0.0,0.0,0.0
Fatal Attraction,0,"Stanley R. Jaffe and Sherry Lansing, Producers",1987,6.9,10.390999999999998,0,0,0,0,0,0,0,1,0,0,0.0,0.0,0.0,0.0,0.0,0.0,0.0,0.0,1.0,0.0,0.0,0.0,320145693.0,14000000.0,119.0,0,0,0,0,0,0,0,1,0,0,0,0,0,0,0,0,0,0,0,0,1,0,0,0.0,0.0,0.0,0.0,0.0
Hope and Glory,0,"John Boorman, Producer",1987,7.4,3.5789999999999997,0,0,0,0,0,1,0,0,0,0,0.0,0.0,0.0,0.0,0.0,0.0,0.0,0.0,1.0,0.0,0.0,0.0,0.0,0.0,113.0,0,0,0,0,1,0,0,1,0,0,0,0,0,0,0,0,1,0,0,0,0,0,0,0.0,0.0,0.0,0.0,0.0
The Last Emperor,1,"Jeremy Thomas, Producer",1987,7.8,9.828,0,0,0,0,0,1,0,0,0,0,0.0,0.0,0.0,0.0,0.0,0.0,0.0,0.0,0.0,1.0,0.0,0.0,43984230.0,23000000.0,163.0,0,0,0,1,0,0,0,1,0,0,0,1,0,0,0,0,0,0,0,0,0,0,0,0.0,0.0,1.0,0.0,0.0
Moonstruck,0,"Patrick Palmer and Norman Jewison, Producers",1987,7.1,7.937,0,0,0,0,1,0,0,0,0,0,0.0,0.0,0.0,0.0,0.0,0.0,0.0,0.0,0.0,0.0,0.0,1.0,80640528.0,0.0,102.0,0,0,0,0,1,0,0,1,0,0,0,0,0,0,0,0,1,0,0,0,0,0,0,0.0,1.0,0.0,0.0,1.0
The Accidental Tourist,0,"Lawrence Kasdan, Charles Okun and Michael Grillo, Producers",1988,6.8,4.626,0,0,0,0,1,0,0,0,0,0,0.0,0.0,0.0,0.0,0.0,0.0,0.0,0.0,0.0,0.0,0.0,1.0,0.0,0.0,121.0,0,0,0,0,0,0,0,1,0,0,0,0,0,0,0,0,1,0,0,0,0,0,0,0.0,0.0,0.0,0.0,1.0
Dangerous Liaisons,0,"Norma Heyman and Hank Moonjean, Producers",1988,7.6,7.037000000000001,0,0,0,0,0,0,0,1,0,0,0.0,0.0,0.0,0.0,0.0,0.0,0.0,0.0,0.0,0.0,0.0,1.0,34670720.0,14000000.0,119.0,0,0,0,0,0,0,0,1,0,0,0,0,0,0,0,0,1,0,0,0,0,0,0,0.0,0.0,0.0,0.0,0.0
Mississippi Burning,0,"Frederick Zollo and Robert F. Colesberry, Producers",1988,7.8,8.138,0,0,0,0,0,0,0,1,0,0,0.0,0.0,0.0,0.0,0.0,0.0,0.0,0.0,0.0,0.0,0.0,1.0,34604000.0,15000000.0,128.0,0,0,0,0,0,1,0,1,0,0,0,1,0,0,0,1,0,0,0,0,1,0,0,0.0,0.0,0.0,0.0,0.0
Rain Man,1,"Mark Johnson, Producer",1988,8.0,9.267000000000001,0,0,0,0,0,0,0,1,0,0,0.0,0.0,0.0,0.0,0.0,0.0,0.0,0.0,0.0,0.0,0.0,1.0,412800000.0,25000000.0,134.0,0,0,0,0,0,0,0,1,0,0,0,0,0,0,0,0,0,0,0,0,0,0,0,1.0,0.0,1.0,0.0,0.0
Working Girl,0,"Douglas Wick, Producer",1988,6.8,8.164,0,0,0,0,0,0,0,1,0,0,0.0,0.0,0.0,0.0,0.0,0.0,0.0,0.0,0.0,0.0,0.0,1.0,103173635.0,28000000.0,114.0,0,0,0,0,1,0,0,1,0,0,0,0,0,0,0,0,1,0,0,0,0,0,0,0.0,0.0,0.0,0.0,0.0
Born on the Fourth of July,0,"A. Kitman Ho and Oliver Stone, Producers",1989,7.2,8.378,0,0,0,0,0,0,0,1,0,0,0.0,0.0,0.0,0.0,0.0,0.0,0.0,0.0,0.0,0.0,0.0,1.0,161001698.0,14000000.0,145.0,0,0,0,1,0,0,0,1,0,0,0,0,0,0,0,0,0,0,0,0,0,1,0,0.0,0.0,1.0,0.0,0.0
Dead Poets Society,0,"Steven Haft, Paul Junger Witt and Tony Thomas, Producers",1989,8.1,15.614,0,0,0,0,1,0,0,0,0,0,0.0,0.0,0.0,0.0,0.0,1.0,0.0,0.0,0.0,0.0,0.0,0.0,235860116.0,16400000.0,128.0,0,0,0,0,1,0,0,1,0,0,0,0,0,0,0,0,0,0,0,0,0,0,0,0.0,0.0,0.0,0.0,0.0
Driving Miss Daisy,1,"Richard D. Zanuck and Lili Fini Zanuck, Producers",1989,7.4,7.65,0,0,0,0,1,0,0,0,0,0,0.0,0.0,0.0,0.0,0.0,0.0,0.0,0.0,0.0,0.0,0.0,1.0,145793296.0,7500000.0,99.0,0,0,0,0,0,0,0,1,0,0,0,0,0,0,0,0,0,0,0,0,0,0,0,0.0,1.0,0.0,0.0,0.0
Field of Dreams,0,"Lawrence Gordon and Charles Gordon, Producers",1989,7.5,8.857000000000001,0,0,0,0,1,0,0,0,0,0,0.0,0.0,0.0,1.0,0.0,0.0,0.0,0.0,0.0,0.0,0.0,0.0,84431625.0,0.0,107.0,0,0,0,0,0,0,0,1,1,1,0,0,0,0,0,0,0,0,0,1,0,0,0,0.0,0.0,0.0,0.0,0.0
My Left Foot,0,"Noel Pearson, Producer",1989,7.9,8.885,0,0,0,0,0,0,0,1,0,0,0.0,0.0,0.0,0.0,0.0,0.0,1.0,0.0,0.0,0.0,0.0,0.0,14743391.0,645180.0,103.0,0,0,0,1,0,0,0,1,0,0,0,0,0,0,0,0,0,0,0,0,0,0,0,1.0,0.0,0.0,0.0,1.0
Awakenings,0,"Walter F. Parkes and Lawrence Lasker, Producers",1990,7.8,8.607000000000001,0,0,0,0,0,1,0,0,0,0,0.0,0.0,0.0,0.0,0.0,0.0,0.0,0.0,0.0,0.0,0.0,1.0,52096475.0,0.0,120.0,0,0,0,1,0,0,0,1,0,0,0,0,0,0,0,0,0,0,0,0,0,0,0,0.0,0.0,0.0,0.0,0.0
Dances With Wolves,1,"Jim Wilson and Kevin Costner, Producers",1990,8.0,10.094,0,0,0,0,0,1,0,0,0,0,0.0,0.0,0.0,0.0,0.0,0.0,0.0,0.0,0.0,0.0,1.0,0.0,424208848.0,22000000.0,181.0,0,1,0,0,0,0,0,1,0,0,0,0,0,0,0,0,0,0,0,0,0,0,1,0.0,0.0,1.0,0.0,0.0
Ghost,0,"Lisa Weinstein, Producer",1990,7.0,11.415999999999999,0,0,0,0,0,1,0,0,0,0,0.0,0.0,0.0,0.0,0.0,0.0,1.0,0.0,0.0,0.0,0.0,0.0,505000000.0,22000000.0,127.0,0,0,0,0,0,0,0,1,0,1,0,0,0,0,0,0,1,0,0,0,1,0,0,0.0,0.0,0.0,0.0,1.0
"The Godfather, Part III",0,"Francis Ford Coppola, Producer",1990,7.6,16.044,0,0,0,0,0,0,0,1,0,0,0.0,0.0,0.0,0.0,0.0,0.0,0.0,0.0,0.0,0.0,0.0,1.0,136766062.0,54000000.0,162.0,0,0,0,0,0,1,0,1,0,0,0,0,0,0,0,0,0,0,0,0,0,0,0,0.0,0.0,0.0,0.0,0.0
Good Fellas,0,"Irwin Winkler, Producer",1990,0.0,0.0,0,0,0,0,0,0,0,0,0,0,0.0,0.0,0.0,0.0,0.0,0.0,0.0,0.0,0.0,0.0,0.0,0.0,0.0,0.0,0.0,0,0,0,0,1,0,0,0,0,0,0,0,0,0,0,0,0,0,0,0,0,0,0,0.0,0.0,0.0,1.0,0.0
Beauty and the Beast,0,"Don Hahn, Producer",1991,8.0,20.344,0,0,1,0,0,0,0,0,0,0,0.0,0.0,0.0,0.0,0.0,0.0,0.0,0.0,0.0,0.0,1.0,0.0,377350553.0,25000000.0,84.0,0,0,1,0,0,0,0,0,1,1,0,0,0,0,1,0,1,0,0,0,0,0,0,0.0,0.0,0.0,0.0,0.0
Bugsy,0,"Mark Johnson, Barry Levinson and Warren Beatty, Producers",1991,6.8,5.4510000000000005,0,0,0,0,0,0,0,1,0,0,0.0,0.0,0.0,0.0,0.0,0.0,0.0,0.0,0.0,0.0,0.0,1.0,49114016.0,30000000.0,134.0,0,0,0,1,0,1,0,1,0,0,0,0,0,0,0,0,0,0,0,0,0,0,0,0.0,0.0,0.0,0.0,0.0
JFK,0,"A. Kitman Ho and Oliver Stone, Producers",1991,8.0,6.494,0,0,0,0,0,0,0,1,0,0,0.0,0.0,0.0,0.0,0.0,0.0,0.0,0.0,0.0,0.0,0.0,1.0,205405498.0,40000000.0,189.0,0,0,0,0,0,0,0,1,0,0,0,1,0,0,0,0,0,0,0,0,1,0,0,0.0,0.0,0.0,0.0,0.0
The Prince of Tides,0,"Barbra Streisand and Andrew Karsch, Producers",1991,6.7,6.632999999999999,0,0,0,0,0,0,0,1,0,0,0.0,0.0,0.0,0.0,0.0,0.0,0.0,0.0,0.0,0.0,0.0,1.0,74787599.0,30000000.0,132.0,0,0,0,0,0,0,0,1,0,0,0,0,0,0,0,0,1,0,0,0,0,0,0,0.0,0.0,0.0,0.0,0.0
The Silence of the Lambs,1,"Edward Saxon, Kenneth Utt and Ron Bozman, Producers",1991,8.6,3.985,0,0,0,0,0,0,0,1,0,0,0.0,1.0,0.0,0.0,0.0,0.0,0.0,0.0,0.0,0.0,0.0,0.0,272742922.0,19000000.0,119.0,0,0,0,0,0,1,0,1,0,0,0,0,0,0,0,0,0,0,0,0,1,0,0,1.0,1.0,1.0,0.0,0.0
The Crying Game,0,"Stephen Woolley, Producer",1992,7.3,7.004,0,0,0,0,0,0,0,1,0,0,0.0,0.0,0.0,0.0,0.0,0.0,0.0,0.0,1.0,0.0,0.0,0.0,62548947.0,3705538.0,112.0,0,0,0,0,0,1,0,1,0,0,0,0,0,0,0,0,1,0,0,0,1,0,0,0.0,0.0,0.0,0.0,0.0
A Few Good Men,0,"David Brown, Rob Reiner and Andrew Scheinman, Producers",1992,7.7,11.305,0,0,0,0,0,0,0,1,0,0,0.0,0.0,0.0,0.0,0.0,0.0,0.0,0.0,0.0,0.0,0.0,1.0,243240178.0,40000000.0,138.0,0,0,0,0,0,0,0,1,0,0,0,0,0,0,0,0,0,0,0,0,1,0,0,0.0,0.0,0.0,0.0,0.0
Howards End,0,"Ismail Merchant, Producer",1992,7.5,6.351,0,0,0,0,1,0,0,0,0,0,0.0,0.0,1.0,0.0,0.0,0.0,0.0,0.0,0.0,0.0,0.0,0.0,26126837.0,0.0,140.0,0,0,0,0,0,0,0,1,0,0,0,0,0,0,0,0,1,0,0,0,0,0,0,0.0,1.0,0.0,0.0,0.0
Scent of a Woman,0,"Martin Brest, Producer",1992,8.0,9.224,0,0,0,0,0,0,0,1,0,0,0.0,0.0,0.0,0.0,0.0,0.0,0.0,0.0,0.0,0.0,0.0,1.0,134095253.0,31000000.0,157.0,0,0,0,0,0,0,0,1,0,0,0,0,0,0,0,0,0,0,0,0,0,0,0,1.0,0.0,0.0,0.0,0.0
Unforgiven,1,"Clint Eastwood, Producer",1992,8.2,11.319,0,0,0,0,0,0,0,1,0,0,0.0,0.0,0.0,0.0,0.0,0.0,0.0,1.0,0.0,0.0,0.0,0.0,159157447.0,14000000.0,131.0,0,0,0,0,0,0,0,1,0,0,0,0,0,0,0,0,0,0,0,0,0,0,1,0.0,0.0,1.0,1.0,0.0
The Fugitive,0,"Arnold Kopelson, Producer",1993,7.8,11.35,0,0,0,0,0,1,0,0,0,0,0.0,0.0,0.0,0.0,0.0,0.0,0.0,1.0,0.0,0.0,0.0,0.0,368875760.0,44000000.0,131.0,1,0,0,0,0,1,0,1,0,0,0,0,0,0,0,1,0,0,0,0,1,0,0,0.0,0.0,0.0,1.0,0.0
In the Name of the Father,0,"Jim Sheridan, Producer",1993,8.1,7.524,0,0,0,0,0,0,0,1,0,0,0.0,0.0,0.0,0.0,0.0,0.0,0.0,0.0,0.0,0.0,0.0,1.0,65796862.0,13000000.0,133.0,0,0,0,1,0,0,0,1,0,0,0,0,0,0,0,0,0,0,0,0,0,0,0,0.0,0.0,0.0,0.0,0.0
The Piano,0,"Jan Chapman, Producer",1993,7.6,6.468,0,0,0,0,0,0,0,1,0,0,0.0,0.0,0.0,0.0,1.0,0.0,0.0,0.0,0.0,0.0,0.0,0.0,116700000.0,7000000.0,121.0,0,0,0,0,0,0,0,1,0,0,0,0,0,1,0,0,1,0,0,0,0,0,0,0.0,1.0,0.0,0.0,1.0
The Remains of the Day,0,"Mike Nichols, John Calley and Ismail Merchant, Producers",1993,7.9,6.904,0,0,0,0,1,0,0,0,0,0,0.0,0.0,0.0,0.0,0.0,0.0,0.0,0.0,0.0,0.0,1.0,0.0,23237911.0,11500000.0,134.0,0,0,0,0,0,0,0,1,0,0,0,0,0,0,0,0,1,0,0,0,0,0,0,0.0,0.0,0.0,0.0,0.0
Schindler's List,1,"Steven Spielberg, Gerald R. Molen and Branko Lustig, Producers",1993,8.9,30.285,0,0,0,0,0,0,0,1,0,0,0.0,0.0,0.0,0.0,0.0,0.0,0.0,0.0,0.0,0.0,0.0,1.0,321365567.0,22000000.0,195.0,0,0,0,1,0,0,0,1,0,0,0,1,0,0,0,0,0,0,0,0,0,0,0,0.0,0.0,1.0,0.0,0.0
Forrest Gump,1,"Wendy Finerman, Steve Tisch and Steve Starkey, Producers",1994,8.8,38.119,0,0,0,0,0,1,0,0,0,0,0.0,0.0,0.0,0.0,0.0,0.0,1.0,0.0,0.0,0.0,0.0,0.0,677945399.0,55000000.0,142.0,0,0,0,0,0,0,0,1,0,0,0,0,0,0,0,0,1,0,0,0,0,0,0,1.0,0.0,1.0,0.0,0.0
Four Weddings and a Funeral,0,"Duncan Kenworthy, Producer",1994,7.1,9.193,0,0,0,0,0,0,0,1,0,0,0.0,0.0,1.0,0.0,0.0,0.0,0.0,0.0,0.0,0.0,0.0,0.0,254700832.0,6000000.0,117.0,0,0,0,0,1,0,0,1,0,0,0,0,0,0,0,0,1,0,0,0,0,0,0,0.0,0.0,0.0,0.0,0.0
Pulp Fiction,0,"Lawrence Bender, Producer",1994,8.9,35.066,0,0,0,0,0,0,0,1,0,0,0.0,0.0,0.0,0.0,0.0,0.0,0.0,0.0,1.0,0.0,0.0,0.0,213928762.0,8000000.0,154.0,0,0,0,0,0,1,0,1,0,0,0,0,0,0,0,0,0,0,0,0,0,0,0,0.0,0.0,0.0,0.0,0.0
Quiz Show,0,"Robert Redford, Michael Jacobs, Julian Krainin and Michael Nozik, Producers",1994,7.5,7.725,0,0,0,0,0,1,0,0,0,0,0.0,0.0,0.0,0.0,0.0,0.0,0.0,1.0,0.0,0.0,0.0,0.0,0.0,0.0,133.0,0,0,0,1,0,0,0,1,0,0,0,1,0,0,0,0,0,0,0,0,0,0,0,0.0,0.0,0.0,0.0,0.0
The Shawshank Redemption,0,"Niki Marvin, Producer",1994,9.3,26.055999999999997,0,0,0,0,0,0,0,1,0,0,0.0,0.0,0.0,0.0,0.0,0.0,0.0,0.0,1.0,0.0,0.0,0.0,28341469.0,25000000.0,142.0,0,0,0,0,0,0,0,1,0,0,0,0,0,0,0,0,0,0,0,0,0,0,0,0.0,0.0,0.0,0.0,0.0
Apollo 13,0,"Brian Grazer, Producer",1995,7.6,20.95,0,0,0,0,1,0,0,0,0,0,0.0,0.0,0.0,0.0,0.0,1.0,0.0,0.0,0.0,0.0,0.0,0.0,355237933.0,52000000.0,140.0,0,1,0,0,0,0,0,1,0,0,0,1,0,0,0,0,0,0,0,0,0,0,0,0.0,0.0,0.0,0.0,0.0
Babe,0,"George Miller, Doug Mitchell and Bill Miller, Producers",1995,6.8,12.279000000000002,0,0,1,0,0,0,0,0,0,0,0.0,0.0,0.0,0.0,0.0,0.0,1.0,0.0,0.0,0.0,0.0,0.0,254134910.0,30000000.0,89.0,0,0,0,0,1,0,0,1,1,0,0,0,0,0,0,0,0,0,0,0,0,0,0,0.0,0.0,0.0,0.0,0.0
Braveheart,1,"Mel Gibson, Alan Ladd, Jr. and Bruce Davey, Producers",1995,8.4,13.713,0,0,0,0,0,0,0,1,0,0,0.0,0.0,0.0,0.0,1.0,0.0,0.0,0.0,0.0,0.0,0.0,0.0,210000000.0,72000000.0,178.0,0,0,0,1,0,0,0,1,0,0,0,1,0,0,0,0,0,0,0,0,0,1,0,0.0,0.0,1.0,0.0,0.0
Sense and Sensibility,0,"Lindsay Doran, Producer",1995,7.7,9.77,0,0,0,0,1,0,0,0,0,0,0.0,0.0,0.0,0.0,0.0,0.0,0.0,0.0,0.0,0.0,0.0,1.0,134582776.0,16000000.0,136.0,0,0,0,0,0,0,0,1,0,0,0,0,0,0,0,0,1,0,0,0,0,0,0,0.0,0.0,0.0,0.0,0.0
The English Patient,1,"Saul Zaentz, Producer",1996,7.4,9.423,0,0,0,0,0,0,0,1,0,0,0.0,0.0,0.0,0.0,0.0,0.0,0.0,0.0,0.0,0.0,1.0,0.0,231976425.0,27000000.0,162.0,0,0,0,0,0,0,0,1,0,0,0,0,0,0,0,0,1,0,0,0,0,1,0,0.0,0.0,1.0,0.0,1.0
Fargo,0,"Ethan Coen, Producer",1996,8.1,11.439,0,0,0,0,0,0,0,1,0,0,0.0,0.0,1.0,0.0,0.0,0.0,0.0,0.0,0.0,0.0,0.0,0.0,60611975.0,7000000.0,98.0,0,0,0,0,0,1,0,1,0,0,0,0,0,0,0,0,0,0,0,0,1,0,0,0.0,1.0,0.0,0.0,0.0
Jerry Maguire,0,"James L. Brooks, Laurence Mark, Richard Sakai and Cameron Crowe, Producers",1996,7.3,11.745999999999999,0,0,0,0,0,0,0,1,0,0,0.0,0.0,0.0,0.0,0.0,0.0,0.0,0.0,0.0,0.0,0.0,1.0,273552592.0,50000000.0,139.0,0,0,0,0,1,0,0,1,0,0,0,0,0,0,0,0,1,0,0,1,0,0,0,0.0,0.0,0.0,1.0,0.0
Secrets & Lies,0,"Simon Channing-Williams, Producer",1996,5.2,6.257999999999999,0,0,0,0,0,0,0,0,0,0,0.0,0.0,0.0,0.0,1.0,0.0,0.0,0.0,0.0,0.0,0.0,0.0,13417292.0,4500000.0,142.0,0,0,0,0,0,0,0,1,0,0,0,0,0,0,0,0,1,0,1,0,0,0,0,0.0,0.0,0.0,0.0,0.0
Shine,0,"Jane Scott, Producer",1996,7.7,6.6,0,0,0,0,0,1,0,0,0,0,0.0,0.0,0.0,0.0,0.0,0.0,0.0,1.0,0.0,0.0,0.0,0.0,35892330.0,5500000.0,105.0,0,0,0,1,0,0,0,1,0,0,0,0,0,1,0,0,1,0,0,0,0,0,0,1.0,0.0,0.0,0.0,0.0
As Good as It Gets,0,"James L. Brooks, Bridget Johnson and Kristi Zea, Producers",1997,7.7,10.138,0,0,0,0,0,1,0,0,0,0,0.0,0.0,0.0,0.0,0.0,0.0,0.0,0.0,0.0,0.0,0.0,1.0,314178011.0,50000000.0,139.0,0,0,0,0,1,0,0,1,0,0,0,0,0,0,0,0,1,0,0,0,0,0,0,1.0,1.0,0.0,0.0,0.0
The Full Monty,0,"Uberto Pasolini, Producer",1997,7.2,7.977,0,0,0,0,0,0,0,1,0,0,0.0,0.0,0.0,0.0,0.0,0.0,0.0,1.0,0.0,0.0,0.0,0.0,257850122.0,3500000.0,91.0,0,0,0,0,1,0,0,1,0,0,0,0,0,0,0,0,0,0,0,0,0,0,0,0.0,0.0,0.0,0.0,0.0
Good Will Hunting,0,"Lawrence Bender, Producer",1997,8.3,13.673,0,0,0,0,0,0,0,1,0,0,0.0,0.0,0.0,0.0,0.0,0.0,0.0,0.0,0.0,0.0,0.0,1.0,225933435.0,10000000.0,127.0,0,0,0,0,0,0,0,1,0,0,0,0,0,0,0,0,1,0,0,0,0,0,0,0.0,0.0,0.0,1.0,0.0
L.A. Confidential,0,"Arnon Milchan, Curtis Hanson and Michael Nathanson, Producers",1997,8.3,10.71,0,0,0,0,0,0,0,1,0,0,0.0,0.0,0.0,0.0,0.0,0.0,0.0,0.0,1.0,0.0,0.0,0.0,126216940.0,35000000.0,138.0,0,0,0,0,0,1,0,1,0,0,0,0,0,0,0,1,0,0,0,0,1,0,0,0.0,0.0,0.0,0.0,1.0
Titanic,1,"James Cameron and Jon Landau, Producers",1997,7.8,26.218000000000004,0,0,0,0,0,1,0,0,0,0,0.0,0.0,0.0,0.0,0.0,0.0,0.0,0.0,0.0,0.0,1.0,0.0,1845034188.0,200000000.0,194.0,0,0,0,0,0,0,0,1,0,0,0,0,0,0,0,0,1,0,0,0,0,0,0,0.0,0.0,1.0,0.0,0.0
Elizabeth,0,"Alison Owen, Eric Fellner and Tim Bevan, Producers",1998,7.5,10.857999999999999,0,0,0,0,0,0,0,1,0,0,0.0,0.0,0.0,0.0,0.0,0.0,0.0,0.0,1.0,0.0,0.0,0.0,82150642.0,30000000.0,124.0,0,0,0,1,0,0,0,1,0,0,0,1,0,0,0,0,0,0,0,0,0,0,0,0.0,0.0,0.0,0.0,0.0
Life Is Beautiful,0,"Elda Ferri and Gianluigi Braschi, Producers",1998,8.6,22.049,0,0,0,0,0,1,0,0,0,0,0.0,0.0,0.0,0.0,0.0,0.0,0.0,0.0,0.0,0.0,0.0,1.0,229400000.0,20000000.0,116.0,0,0,0,0,1,0,0,1,0,0,0,0,0,0,0,0,1,0,0,0,0,1,0,1.0,0.0,0.0,0.0,0.0
Saving Private Ryan,0,"Steven Spielberg, Ian Bryce, Mark Gordon and Gary Levinsohn, Producers",1998,8.6,21.101999999999997,0,0,0,0,0,0,0,1,0,0,0.0,0.0,0.0,0.0,0.0,0.0,1.0,0.0,0.0,0.0,0.0,0.0,481840909.0,70000000.0,169.0,0,0,0,0,0,0,0,1,0,0,0,0,0,0,0,0,0,0,0,0,0,1,0,0.0,0.0,1.0,0.0,0.0
Shakespeare in Love,1,"David Parfitt, Donna Gigliotti, Harvey Weinstein, Edward Zwick and Marc Norman, Producers",1998,7.1,9.273,0,0,0,0,0,0,0,1,0,0,0.0,0.0,0.0,0.0,0.0,0.0,0.0,0.0,0.0,0.0,0.0,1.0,289317794.0,25000000.0,122.0,0,0,0,0,1,0,0,1,0,0,0,1,0,0,0,0,1,0,0,0,0,0,0,0.0,1.0,0.0,0.0,1.0
The Thin Red Line,0,"Robert Michael Geisler, John Roberdeau and Grant Hill, Producers",1998,7.6,9.342,0,0,0,0,0,0,0,1,0,0,0.0,0.0,0.0,0.0,0.0,0.0,0.0,0.0,0.0,0.0,0.0,1.0,98126565.0,52000000.0,171.0,0,0,0,0,0,0,0,1,0,0,0,0,0,0,0,0,0,0,0,0,0,1,0,0.0,0.0,0.0,0.0,0.0
American Beauty,1,"Bruce Cohen and Dan Jinks, Producers",1999,8.4,16.105999999999998,0,0,0,0,0,0,0,1,0,0,0.0,0.0,0.0,0.0,0.0,0.0,0.0,0.0,1.0,0.0,0.0,0.0,356296601.0,15000000.0,122.0,0,0,0,0,0,0,0,1,0,0,0,0,0,0,0,0,0,0,0,0,0,0,0,1.0,0.0,1.0,0.0,0.0
The Cider House Rules,0,"Richard N. Gladstein, Producer",1999,7.4,6.327999999999999,0,0,0,0,0,1,0,0,0,0,0.0,0.0,0.0,0.0,0.0,0.0,0.0,0.0,0.0,0.0,0.0,1.0,88545092.0,24000000.0,126.0,0,0,0,0,0,0,0,1,0,0,0,0,0,0,0,0,1,0,0,0,0,0,0,0.0,0.0,0.0,1.0,0.0
The Green Mile,0,"David Valdes and Frank Darabont, Producers",1999,8.5,22.026999999999997,0,0,0,0,0,0,0,1,0,0,0.0,0.0,0.0,0.0,0.0,0.0,0.0,0.0,0.0,0.0,0.0,1.0,284600000.0,60000000.0,189.0,0,0,0,0,0,1,0,1,0,1,0,0,0,0,0,1,0,0,0,0,0,0,0,0.0,0.0,0.0,0.0,0.0
The Insider,0,"Michael Mann and Pieter Jan Brugge, Producers",1999,7.9,7.1579999999999995,0,0,0,0,0,0,0,1,0,0,0.0,0.0,0.0,0.0,0.0,0.0,0.0,0.0,0.0,1.0,0.0,0.0,60289912.0,90000000.0,157.0,0,0,0,1,0,0,0,1,0,0,0,0,0,0,0,0,0,0,0,0,1,0,0,0.0,0.0,0.0,0.0,0.0
The Sixth Sense,0,"Frank Marshall, Kathleen Kennedy and Barry Mendel, Producers",1999,8.1,18.56,0,0,0,0,0,1,0,0,0,0,0.0,0.0,0.0,0.0,0.0,0.0,0.0,1.0,0.0,0.0,0.0,0.0,672806292.0,40000000.0,107.0,0,0,0,0,0,0,0,1,0,0,0,0,0,0,0,1,0,0,0,0,1,0,0,0.0,0.0,0.0,0.0,0.0
Chocolat,0,"David Brown, Kit Golden and Leslie Holleran, Producers",2000,7.3,9.779,0,0,0,0,0,1,0,0,0,0,0.0,0.0,0.0,0.0,0.0,0.0,0.0,0.0,0.0,0.0,0.0,1.0,152500343.0,25000000.0,121.0,0,0,0,0,0,0,0,1,0,0,0,0,0,0,0,0,1,0,0,0,0,0,0,0.0,0.0,0.0,0.0,0.0
"Crouching Tiger, Hidden Dragon",0,"Bill Kong, Hsu Li Kong and Ang Lee, Producers",2000,7.9,12.860999999999999,0,0,0,0,0,1,0,0,0,0,0.0,0.0,0.0,0.0,0.0,0.0,1.0,0.0,0.0,0.0,0.0,0.0,213525736.0,17000000.0,120.0,1,1,0,0,0,0,0,0,0,1,0,0,0,0,0,0,1,0,0,0,0,0,0,0.0,0.0,0.0,0.0,0.0
Erin Brockovich,0,"Danny DeVito, Michael Shamberg and Stacey Sher, Producers",2000,7.3,10.549000000000001,0,0,0,0,0,0,0,1,0,0,0.0,0.0,1.0,0.0,0.0,0.0,0.0,0.0,0.0,0.0,0.0,0.0,256271286.0,52000000.0,131.0,0,0,0,1,0,0,0,1,0,0,0,0,0,0,0,0,0,0,0,0,0,0,0,0.0,1.0,0.0,0.0,0.0
Gladiator,1,"Douglas Wick, David Franzoni and Branko Lustig, Producers",2000,8.5,17.199,0,0,0,0,0,0,0,1,0,0,0.0,0.0,0.0,0.0,1.0,0.0,0.0,0.0,0.0,0.0,0.0,0.0,457640427.0,103000000.0,155.0,1,1,0,0,0,0,0,1,0,0,0,0,0,0,0,0,0,0,0,0,0,0,0,1.0,0.0,0.0,0.0,0.0
Traffic,0,"Edward Zwick, Marshall Herskovitz and Laura Bickford, Producers",2000,7.6,7.771,0,0,0,0,0,0,0,1,0,0,0.0,0.0,0.0,0.0,0.0,0.0,0.0,0.0,0.0,0.0,0.0,1.0,207515725.0,48000000.0,147.0,0,0,0,0,0,1,0,1,0,0,0,0,0,0,0,0,0,0,0,0,1,0,0,0.0,0.0,1.0,1.0,0.0
A Beautiful Mind,1,"Brian Grazer and Ron Howard, Producers",2001,8.2,13.619000000000002,0,0,0,0,0,1,0,0,0,0,0.0,0.0,0.0,0.0,0.0,0.0,0.0,0.0,0.0,0.0,0.0,1.0,313542341.0,60000000.0,135.0,0,0,0,1,0,0,0,1,0,0,0,0,0,0,0,0,0,0,0,0,0,0,0,0.0,0.0,1.0,0.0,1.0
Gosford Park,0,"Robert Altman, Bob Balaban and David Levy, Producers",2001,7.3,7.971,0,0,0,0,0,0,0,1,0,0,0.0,0.0,0.0,0.0,0.0,0.0,0.0,0.0,0.0,0.0,1.0,0.0,87754044.0,19800000.0,131.0,0,0,0,0,1,0,0,1,0,0,0,0,0,0,0,1,0,0,0,0,0,0,0,0.0,0.0,0.0,0.0,0.0
In the Bedroom,0,"Graham Leader, Ross Katz and Todd Field, Producers",2001,7.4,7.506,0,0,0,0,0,0,0,1,0,0,0.0,0.0,0.0,0.0,0.0,0.0,0.0,0.0,0.0,0.0,1.0,0.0,0.0,1700000.0,130.0,0,0,0,0,0,1,0,1,0,0,0,0,0,0,0,0,0,0,0,0,0,0,0,0.0,0.0,0.0,0.0,0.0
The Lord of the Rings: The Fellowship of the Ring,0,"Peter Jackson, Fran Walsh and Barrie M. Osborne, Producers",2001,8.8,34.878,0,0,0,0,0,1,0,0,0,0,0.0,0.0,0.0,0.0,0.0,0.0,0.0,0.0,0.0,0.0,0.0,1.0,871368364.0,93000000.0,178.0,0,1,0,0,0,0,0,1,0,1,0,0,0,0,0,0,0,0,0,0,0,0,0,0.0,0.0,0.0,0.0,0.0
Moulin Rouge 2001,0,"Martin Brown, Baz Luhrmann and Fred Baron, Producers",2001,7.6,11.251,0,0,0,0,0,1,0,0,0,0,0.0,0.0,1.0,0.0,0.0,0.0,0.0,0.0,0.0,0.0,0.0,0.0,179213434.0,52500000.0,127.0,0,0,0,0,0,0,0,1,0,0,0,0,0,0,1,0,1,0,0,0,0,0,0,0.0,0.0,0.0,0.0,0.0
Chicago,1,"Martin Richards, Producer",2002,7.2,7.726,0,0,0,0,0,1,0,0,0,0,0.0,0.0,0.0,0.0,0.0,0.0,0.0,0.0,0.0,0.0,0.0,1.0,306776732.0,45000000.0,113.0,0,0,0,0,1,1,0,0,0,0,0,0,0,0,1,0,0,0,0,0,0,0,0,0.0,0.0,0.0,0.0,1.0
Gangs of New York,0,"Alberto Grimaldi and Harvey Weinstein, Producers",2002,7.5,10.597000000000001,0,0,0,0,0,0,0,1,0,0,0.0,0.0,0.0,0.0,0.0,0.0,0.0,0.0,0.0,0.0,0.0,1.0,193772504.0,100000000.0,167.0,0,0,0,0,0,1,0,1,0,0,0,0,0,0,0,0,0,0,0,0,0,0,0,0.0,0.0,0.0,0.0,0.0
The Hours,0,"Scott Rudin and Robert Fox, Producers",2002,7.6,10.1,0,0,0,0,0,1,0,0,0,0,0.0,0.0,0.0,0.0,0.0,0.0,0.0,0.0,0.0,0.0,0.0,1.0,41597830.0,25000000.0,114.0,0,0,0,0,0,0,0,1,0,0,0,0,0,0,0,0,1,0,0,0,0,0,0,0.0,1.0,0.0,0.0,0.0
The Lord of the Rings: The Two Towers,0,"Barrie M. Osborne, Fran Walsh and Peter Jackson, Producers",2002,8.7,26.398000000000003,0,0,0,0,0,1,0,0,0,0,0.0,0.0,0.0,0.0,0.0,0.0,0.0,0.0,0.0,0.0,0.0,1.0,926287400.0,79000000.0,179.0,0,1,0,0,0,0,0,1,0,1,0,0,0,0,0,0,0,0,0,0,0,0,0,0.0,0.0,0.0,0.0,0.0
The Pianist,0,"Roman Polanski, Robert Benmussa and Alain Sarde, Producers",2002,8.5,16.422,0,0,0,0,0,0,0,1,0,0,0.0,0.0,0.0,0.0,0.0,0.0,0.0,0.0,1.0,0.0,0.0,0.0,120072577.0,35000000.0,150.0,0,0,0,1,0,0,0,1,0,0,0,0,0,1,0,0,0,0,0,0,0,1,0,1.0,0.0,1.0,0.0,0.0
The Lord of the Rings: The Return of the King,1,"Barrie M. Osborne, Peter Jackson and Fran Walsh, Producers",2003,8.9,30.81,0,0,0,0,0,1,0,0,0,0,0.0,0.0,0.0,0.0,0.0,0.0,0.0,0.0,0.0,0.0,0.0,1.0,1118888979.0,94000000.0,201.0,1,1,0,0,0,0,0,1,0,1,0,0,0,0,0,0,0,0,0,0,0,0,0,0.0,0.0,1.0,0.0,0.0
Lost in Translation,0,"Ross Katz and Sofia Coppola, Producers",2003,7.8,12.747,0,0,0,0,0,0,0,1,0,0,0.0,0.0,0.0,0.0,0.0,0.0,0.0,1.0,0.0,0.0,0.0,0.0,119723856.0,4000000.0,102.0,0,0,0,0,0,0,0,1,0,0,0,0,0,0,0,0,0,0,0,0,0,0,0,0.0,0.0,0.0,0.0,0.0
Master and Commander: The Far Side of the World,0,"Samuel Goldwyn, Jr., Peter Weir and Duncan Henderson, Producers",2003,7.4,15.765999999999998,0,0,0,0,0,1,0,0,0,0,0.0,0.0,0.0,0.0,0.0,0.0,0.0,0.0,0.0,0.0,1.0,0.0,212011111.0,150000000.0,138.0,1,1,0,0,0,0,0,1,0,0,0,1,0,0,0,0,0,0,0,0,0,1,0,0.0,0.0,0.0,0.0,0.0
Mystic River,0,"Robert Lorenz, Judie G. Hoyt and Clint Eastwood, Producers",2003,8.0,12.088,0,0,0,0,0,0,0,1,0,0,0.0,0.0,0.0,0.0,0.0,0.0,0.0,0.0,0.0,1.0,0.0,0.0,156822020.0,25000000.0,138.0,0,0,0,0,0,1,0,1,0,0,0,0,0,0,0,1,0,0,0,0,1,0,0,1.0,0.0,0.0,1.0,0.0
Seabiscuit,0,"Kathleen Kennedy, Frank Marshall and Gary Ross, Producers",2003,7.3,7.692,0,0,0,0,0,1,0,0,0,0,0.0,0.0,0.0,0.0,0.0,0.0,1.0,0.0,0.0,0.0,0.0,0.0,148336445.0,87000000.0,141.0,0,0,0,0,0,0,0,1,0,0,0,1,0,0,0,0,0,0,0,1,0,0,0,0.0,0.0,0.0,0.0,0.0
The Aviator,0,"Michael Mann and Graham King, Producers",2004,7.5,13.814,0,0,0,0,0,1,0,0,0,0,0.0,0.0,0.0,0.0,0.0,0.0,0.0,0.0,0.0,0.0,0.0,1.0,102000000.0,110000000.0,170.0,0,0,0,1,0,0,0,1,0,0,0,0,0,0,0,0,0,0,0,0,0,0,0,0.0,0.0,0.0,0.0,1.0
Finding Neverland,0,"Richard N. Gladstein and Nellie Bellflower, Producers",2004,7.7,12.937999999999999,0,0,0,0,1,0,0,0,0,0,0.0,0.0,0.0,0.0,0.0,0.0,0.0,0.0,0.0,1.0,0.0,0.0,116766556.0,25000000.0,106.0,0,0,0,1,0,0,0,1,1,0,0,0,0,0,0,0,0,0,0,0,0,0,0,0.0,0.0,0.0,0.0,0.0
Million Dollar Baby,1,"Clint Eastwood, Albert S. Ruddy and Tom Rosenberg, Producers",2004,8.1,11.5,0,0,0,0,0,1,0,0,0,0,0.0,0.0,0.0,0.0,0.0,0.0,0.0,0.0,0.0,0.0,0.0,1.0,216763646.0,30000000.0,132.0,0,0,0,0,0,0,0,1,0,0,0,0,0,0,0,0,0,0,0,1,0,0,0,0.0,1.0,1.0,1.0,0.0
Ray,0,"Taylor Hackford, Stuart Benjamin and Howard Baldwin, Producers",2004,7.7,7.002000000000001,0,0,0,0,0,1,0,0,0,0,0.0,0.0,0.0,0.0,0.0,0.0,0.0,0.0,0.0,1.0,0.0,0.0,124731534.0,40000000.0,152.0,0,0,0,1,0,0,0,1,0,0,0,0,0,1,0,0,0,0,0,0,0,0,0,1.0,0.0,0.0,0.0,0.0
Sideways,0,"Michael London, Producer",2004,7.5,6.651,0,0,0,0,0,0,0,1,0,0,0.0,0.0,0.0,0.0,0.0,0.0,0.0,0.0,0.0,1.0,0.0,0.0,109502303.0,16000000.0,127.0,0,0,0,0,1,0,0,1,0,0,0,0,0,0,0,0,1,0,0,0,0,0,0,0.0,0.0,0.0,0.0,0.0
Brokeback Mountain,0,"Diana Ossana and James Schamus, Producers",2005,7.7,12.388,0,0,0,0,0,0,0,1,0,0,0.0,0.0,0.0,0.0,0.0,0.0,0.0,0.0,1.0,0.0,0.0,0.0,178043761.0,14000000.0,134.0,0,0,0,0,0,0,0,1,0,0,0,0,0,0,0,0,1,0,0,0,0,0,0,0.0,0.0,1.0,0.0,0.0
Capote,0,"Caroline Baron, William Vince and Michael Ohoven, Producers",2005,7.4,7.327999999999999,0,0,0,0,0,0,0,1,0,0,0.0,0.0,0.0,0.0,0.0,0.0,0.0,0.0,1.0,0.0,0.0,0.0,49084830.0,7000000.0,114.0,0,0,0,1,0,1,0,1,0,0,0,1,0,0,0,0,0,0,0,0,0,0,0,1.0,0.0,0.0,0.0,0.0
Crash,1,"Paul Haggis and Cathy Schulman, Producers",2005,7.8,12.989,0,0,0,0,0,0,0,1,0,0,0.0,0.0,0.0,0.0,1.0,0.0,0.0,0.0,0.0,0.0,0.0,0.0,98410061.0,6500000.0,112.0,0,0,0,0,0,1,0,1,0,0,0,0,0,0,0,0,0,0,0,0,1,0,0,0.0,0.0,0.0,0.0,0.0
"Good Night, and Good Luck.",0,"Grant Heslov, Producer",2005,7.5,6.167000000000001,0,0,0,0,1,0,0,0,0,0,0.0,0.0,0.0,0.0,0.0,0.0,0.0,0.0,1.0,0.0,0.0,0.0,54600000.0,7000000.0,93.0,0,0,0,1,0,0,0,1,0,0,0,1,0,0,0,0,0,0,0,0,0,0,0,0.0,0.0,0.0,0.0,0.0
Munich,0,"Kathleen Kennedy, Steven Spielberg and Barry Mendel, Producers",2005,7.6,8.78,0,0,0,0,0,0,0,1,0,0,0.0,0.0,0.0,0.0,0.0,0.0,0.0,0.0,0.0,0.0,0.0,1.0,130358911.0,70000000.0,164.0,0,0,0,0,0,0,0,1,0,0,0,1,0,0,0,0,0,0,0,0,1,0,0,0.0,0.0,0.0,0.0,0.0
Babel,0,"Alejandro Gonzlez Irritu, Jon Kilik and Steve Golin, Producers",2006,7.5,13.539000000000001,0,0,0,0,0,0,0,1,0,0,0.0,0.0,0.0,0.0,0.0,0.0,0.0,0.0,1.0,0.0,0.0,0.0,135330182.0,25000000.0,143.0,0,0,0,0,0,0,0,1,0,0,0,0,0,0,0,0,0,0,0,0,0,0,0,0.0,0.0,0.0,0.0,0.0
The Departed,1,"Graham King, Producer",2006,8.5,12.623,0,0,0,0,0,0,0,1,0,0,0.0,0.0,0.0,0.0,0.0,0.0,0.0,0.0,0.0,1.0,0.0,0.0,289847354.0,90000000.0,151.0,0,0,0,0,0,1,0,1,0,0,0,0,0,0,0,0,0,0,0,0,1,0,0,0.0,0.0,1.0,0.0,0.0
Letters from Iwo Jima,0,"Clint Eastwood, Steven Spielberg and Robert Lorenz, Producers",2006,7.9,8.922,0,0,0,0,0,0,0,1,0,0,0.0,0.0,0.0,0.0,0.0,0.0,0.0,0.0,0.0,0.0,0.0,1.0,68673228.0,19000000.0,141.0,0,0,0,0,0,0,0,1,0,0,0,1,0,0,0,0,0,0,0,0,0,1,0,0.0,0.0,0.0,0.0,0.0
Little Miss Sunshine,0,"David T. Friendly, Peter Saraf and Marc Turtletaub, Producers",2006,7.8,6.465,0,0,0,0,0,0,0,1,0,0,0.0,0.0,0.0,0.0,0.0,0.0,1.0,0.0,0.0,0.0,0.0,0.0,100523181.0,8000000.0,102.0,0,0,0,0,1,0,0,1,0,0,0,0,0,0,0,0,0,0,0,0,0,0,0,0.0,0.0,0.0,1.0,0.0
The Queen,0,"Andy Harries, Christine Langan and Tracey Seaward, Producers",2006,7.3,10.622,0,0,0,0,0,1,0,0,0,0,0.0,0.0,0.0,0.0,0.0,0.0,0.0,0.0,1.0,0.0,0.0,0.0,123384128.0,15000000.0,103.0,0,0,0,1,0,0,0,1,0,0,0,1,0,0,0,0,0,0,0,0,0,0,0,0.0,1.0,0.0,0.0,0.0
Atonement,0,"Tim Bevan, Eric Fellner and Paul Webster, Producers",2007,7.8,10.853,0,0,0,0,0,0,0,1,0,0,0.0,0.0,0.0,0.0,0.0,0.0,0.0,1.0,0.0,0.0,0.0,0.0,129266061.0,30000000.0,123.0,0,0,0,0,0,0,0,1,0,0,0,0,0,0,0,1,1,0,0,0,0,1,0,0.0,0.0,0.0,0.0,0.0
Juno,0,"Lianne Halfon, Mason Novick and Russell Smith, Producers",2007,7.5,9.567,0,0,0,0,0,1,0,0,0,0,0.0,0.0,0.0,0.0,0.0,0.0,0.0,0.0,0.0,0.0,0.0,1.0,231411584.0,7500000.0,96.0,0,0,0,0,1,0,0,1,0,0,0,0,0,0,0,0,0,0,0,0,0,0,0,0.0,0.0,0.0,0.0,0.0
Michael Clayton,0,"Sydney Pollack, Jennifer Fox and Kerry Orent, Producers",2007,7.3,8.732000000000001,0,0,0,0,0,0,0,1,0,0,0.0,0.0,0.0,0.0,0.0,0.0,0.0,0.0,1.0,0.0,0.0,0.0,92991835.0,25000000.0,119.0,0,0,0,0,0,1,0,1,0,0,0,0,0,0,0,1,0,0,0,0,1,0,0,0.0,0.0,0.0,0.0,1.0
No Country for Old Men,1,"Scott Rudin, Ethan Coen and Joel Coen, Producers",2007,8.1,18.092,0,0,0,0,0,0,0,1,0,0,0.0,0.0,0.0,0.0,0.0,0.0,0.0,0.0,0.0,0.0,1.0,0.0,171627166.0,25000000.0,122.0,0,0,0,0,0,1,0,1,0,0,0,0,0,0,0,0,0,0,0,0,1,0,0,0.0,0.0,1.0,1.0,0.0
There Will Be Blood,0,"JoAnne Sellar, Paul Thomas Anderson and Daniel Lupi, Producers",2007,8.2,12.522,0,0,0,0,0,0,0,1,0,0,0.0,0.0,0.0,0.0,0.0,0.0,0.0,0.0,0.0,0.0,0.0,1.0,77208711.0,25000000.0,158.0,0,0,0,0,0,0,0,1,0,0,0,0,0,0,0,0,0,0,0,0,0,0,0,1.0,0.0,0.0,0.0,0.0
The Curious Case of Benjamin Button,0,"Kathleen Kennedy, Frank Marshall and Cen Chaffin, Producers",2008,7.8,18.159000000000002,0,0,0,0,0,1,0,0,0,0,0.0,0.0,0.0,0.0,0.0,0.0,0.0,0.0,0.0,0.0,0.0,1.0,333932083.0,150000000.0,166.0,0,0,0,0,0,0,0,1,0,1,0,0,0,0,0,0,1,0,0,0,0,0,0,0.0,0.0,0.0,0.0,0.0
Frost/Nixon,0,"Brian Grazer, Ron Howard and Eric Fellner, Producers",2008,7.7,8.681000000000001,0,0,0,0,0,0,0,1,0,0,0.0,0.0,0.0,0.0,0.0,0.0,0.0,0.0,0.0,1.0,0.0,0.0,18593156.0,25000000.0,122.0,0,0,0,1,0,0,0,1,0,0,0,1,0,0,0,0,0,0,0,0,0,0,0,0.0,0.0,0.0,0.0,0.0
Milk,0,"Dan Jinks and Bruce Cohen, Producers",2008,7.6,6.557,0,0,0,0,0,0,0,1,0,0,0.0,0.0,0.0,0.0,0.0,0.0,0.0,0.0,0.0,0.0,1.0,0.0,54586584.0,20000000.0,128.0,0,0,0,1,0,0,0,1,0,0,0,0,0,0,0,0,0,0,0,0,0,0,0,1.0,0.0,0.0,0.0,0.0
The Reader,0,"Anthony Minghella, Sydney Pollack, Donna Gigliotti and Redmond Morris, Producers",2008,7.6,10.652000000000001,0,0,0,0,0,0,0,1,0,0,0.0,0.0,0.0,0.0,0.0,0.0,0.0,0.0,0.0,0.0,0.0,1.0,113019290.0,32000000.0,124.0,0,0,0,0,0,0,0,1,0,0,0,0,0,0,0,0,1,0,0,0,0,0,0,0.0,1.0,0.0,0.0,0.0
Slumdog Millionaire,1,"Christian Colson, Producer",2008,8.0,16.61,0,0,0,0,0,0,0,1,0,0,0.0,0.0,0.0,0.0,1.0,0.0,0.0,0.0,0.0,0.0,0.0,0.0,377910544.0,15000000.0,120.0,0,0,0,0,0,0,0,1,0,0,0,0,0,0,0,0,1,0,0,0,0,0,0,0.0,0.0,1.0,0.0,0.0
Avatar,0,"James Cameron and Jon Landau, Producers",2009,7.8,28.454,0,0,0,0,0,1,0,0,0,0,0.0,0.0,0.0,0.0,0.0,0.0,0.0,0.0,0.0,0.0,0.0,1.0,2787965087.0,237000000.0,162.0,1,1,0,0,0,0,0,0,0,1,0,0,0,0,0,0,0,1,0,0,0,0,0,0.0,0.0,0.0,0.0,0.0
The Blind Side,0,"Gil Netter, Andrew A. Kosove and Broderick Johnson, Producers",2009,7.7,15.242,0,0,0,0,0,1,0,0,0,0,0.0,0.0,0.0,0.0,0.0,0.0,0.0,0.0,0.0,0.0,1.0,0.0,309208309.0,29000000.0,129.0,0,0,0,1,0,0,0,1,0,0,0,0,0,0,0,0,0,0,0,1,0,0,0,0.0,1.0,0.0,0.0,0.0
District 9,0,"Peter Jackson and Carolynne Cunningham, Producers",2009,7.9,17.963,0,0,0,0,0,0,0,1,0,0,0.0,0.0,0.0,0.0,0.0,0.0,0.0,1.0,0.0,0.0,0.0,0.0,210819611.0,30000000.0,112.0,1,0,0,0,0,0,0,0,0,0,0,0,0,0,0,0,0,1,0,0,1,0,0,0.0,0.0,0.0,0.0,0.0
An Education,0,"Finola Dwyer and Amanda Posey, Producers",2009,7.3,8.109,0,0,0,0,0,1,0,0,0,0,0.0,0.0,0.0,0.0,0.0,0.0,0.0,0.0,0.0,1.0,0.0,0.0,26096852.0,7500000.0,100.0,0,0,0,0,0,0,0,1,0,0,0,0,0,0,0,0,0,0,0,0,0,0,0,0.0,0.0,0.0,0.0,0.0
The Hurt Locker,1,"Kathryn Bigelow, Mark Boal, Nicolas Chartier and Greg Shapiro, Producers",2009,7.6,12.491,0,0,0,0,0,0,0,1,0,0,0.0,0.0,0.0,0.0,0.0,0.0,0.0,0.0,0.0,1.0,0.0,0.0,42000000.0,15000000.0,131.0,0,0,0,0,0,0,0,1,0,0,0,0,0,0,0,0,0,0,0,0,1,1,0,0.0,0.0,1.0,0.0,0.0
Inglourious Basterds,0,"Lawrence Bender, Producer",2009,8.3,23.496,0,0,0,0,0,0,0,1,0,0,0.0,0.0,0.0,0.0,0.0,0.0,0.0,1.0,0.0,0.0,0.0,0.0,319131050.0,70000000.0,153.0,0,1,0,0,0,0,0,1,0,0,0,0,0,0,0,0,0,0,0,0,0,1,0,0.0,0.0,0.0,1.0,0.0
A Serious Man,0,"Joel Coen and Ethan Coen, Producers",2009,7.1,8.434,0,0,0,0,0,0,0,1,0,0,0.0,0.0,0.0,0.0,0.0,0.0,0.0,0.0,0.0,1.0,0.0,0.0,31430334.0,7000000.0,105.0,0,0,0,0,1,0,0,1,0,0,0,0,0,0,0,0,0,0,0,0,0,0,0,0.0,0.0,0.0,0.0,0.0
Up,0,"Jonas Rivera, Producer",2009,8.3,20.886999999999997,0,0,0,0,1,0,0,0,0,0,0.0,0.0,0.0,0.0,1.0,0.0,0.0,0.0,0.0,0.0,0.0,0.0,735099082.0,175000000.0,96.0,0,1,1,0,1,0,0,0,1,0,0,0,0,0,0,0,0,0,0,0,0,0,0,0.0,0.0,0.0,0.0,0.0
Up in the Air,0,"Daniel Dubiecki, Ivan Reitman and Jason Reitman, Producers",2009,7.4,9.017999999999999,0,0,0,0,0,0,0,1,0,0,0.0,0.0,0.0,0.0,0.0,0.0,0.0,0.0,1.0,0.0,0.0,0.0,163670000.0,25000000.0,110.0,0,0,0,0,0,0,0,1,0,0,0,0,0,0,0,0,1,0,0,0,0,0,0,0.0,0.0,0.0,0.0,0.0
Black Swan,0,"Mike Medavoy, Brian Oliver and Scott Franklin, Producers",2010,8.0,16.828,0,0,0,0,0,0,0,1,0,0,0.0,0.0,0.0,0.0,0.0,0.0,0.0,0.0,0.0,0.0,0.0,1.0,327803731.0,13000000.0,108.0,0,0,0,0,0,0,0,1,0,0,0,0,0,0,0,0,0,0,0,0,1,0,0,0.0,1.0,0.0,0.0,0.0
The Fighter,0,"David Hoberman, Todd Lieberman and Mark Wahlberg, Producers",2010,7.8,10.413,0,0,0,0,0,0,0,1,0,0,0.0,0.0,0.0,0.0,0.0,0.0,0.0,0.0,0.0,0.0,0.0,1.0,93617009.0,25000000.0,116.0,0,0,0,1,0,0,0,1,0,0,0,0,0,0,0,0,0,0,0,1,0,0,0,0.0,0.0,0.0,1.0,1.0
Inception,0,"Emma Thomas and Christopher Nolan, Producers",2010,8.8,33.364000000000004,0,0,0,0,0,1,0,0,0,0,0.0,0.0,0.0,0.0,0.0,0.0,1.0,0.0,0.0,0.0,0.0,0.0,825532764.0,160000000.0,148.0,1,1,0,0,0,0,0,0,0,0,0,0,0,0,0,0,0,1,0,0,1,0,0,0.0,0.0,0.0,0.0,0.0
The Kids Are All Right,0,"Gary Gilbert, Jeffrey Levy-Hinte and Celine Rattray, Producers",2010,7.0,12.082,0,0,0,0,0,0,0,1,0,0,0.0,0.0,0.0,0.0,0.0,0.0,1.0,0.0,0.0,0.0,0.0,0.0,34705850.0,3500000.0,106.0,0,0,0,0,1,0,0,1,0,0,0,0,0,0,0,0,1,0,0,0,0,0,0,0.0,0.0,0.0,0.0,0.0
The King's Speech,1,"Iain Canning, Emile Sherman and Gareth Unwin, Producers",2010,8.0,11.579,0,0,0,0,0,0,0,1,0,0,0.0,0.0,0.0,0.0,0.0,0.0,0.0,0.0,1.0,0.0,0.0,0.0,414211549.0,15000000.0,118.0,0,0,0,1,0,0,0,1,0,0,0,1,0,0,0,0,0,0,0,0,0,0,0,1.0,0.0,1.0,0.0,0.0
127 Hours,0,"Christian Colson, Danny Boyle and John Smithson, Producers",2010,7.6,10.293,0,0,0,0,0,0,0,1,0,0,0.0,0.0,0.0,0.0,0.0,0.0,0.0,0.0,0.0,0.0,1.0,0.0,35692920.0,18000000.0,94.0,0,1,0,1,0,0,0,1,0,0,0,0,0,0,0,0,0,0,0,0,1,0,0,0.0,0.0,0.0,0.0,0.0
The Social Network,0,"Scott Rudin, Dana Brunetti, Michael De Luca and Cen Chaffin, Producers",2010,7.7,17.325,0,0,0,0,0,1,0,0,0,0,0.0,0.0,0.0,0.0,0.0,0.0,0.0,0.0,0.0,1.0,0.0,0.0,224920315.0,40000000.0,121.0,0,0,0,1,0,0,0,1,0,0,0,0,0,0,0,0,0,0,0,0,0,0,0,0.0,0.0,0.0,0.0,0.0
Toy Story 3,0,"Darla K. Anderson, Producer",2010,8.3,17.98,0,0,1,0,0,0,0,0,0,0,0.0,0.0,0.0,0.0,0.0,1.0,0.0,0.0,0.0,0.0,0.0,0.0,1066969703.0,200000000.0,103.0,0,1,1,0,1,0,0,0,1,1,0,0,0,0,0,0,0,0,0,0,0,0,0,0.0,0.0,0.0,0.0,0.0
True Grit,0,"Scott Rudin, Ethan Coen and Joel Coen, Producers",2010,7.6,12.349,0,0,0,0,0,1,0,0,0,0,0.0,0.0,0.0,0.0,0.0,0.0,0.0,0.0,0.0,0.0,0.0,1.0,252276927.0,38000000.0,110.0,0,1,0,0,0,0,0,1,0,0,0,0,0,0,0,0,0,0,0,0,0,0,1,1.0,0.0,0.0,0.0,0.0
Winter's Bone,0,"Anne Rosellini and Alix Madigan-Yorkin, Producers",2010,7.2,6.234,0,0,0,0,0,0,0,1,0,0,0.0,0.0,0.0,0.0,0.0,1.0,0.0,0.0,0.0,0.0,0.0,0.0,13831503.0,2000000.0,101.0,0,0,0,0,0,0,0,1,0,0,0,0,0,0,0,1,0,0,0,0,0,0,0,0.0,0.0,0.0,0.0,0.0
The Artist,1,"Thomas Langmann, Producer",2011,7.9,10.312000000000001,0,0,0,0,0,1,0,0,0,0,0.0,0.0,0.0,0.0,0.0,1.0,0.0,0.0,0.0,0.0,0.0,0.0,133432856.0,15000000.0,100.0,0,0,0,0,1,0,0,1,0,0,0,0,0,0,0,0,1,0,0,0,0,0,0,1.0,0.0,1.0,0.0,0.0
The Descendants,0,"Jim Burke, Alexander Payne and Jim Taylor, Producers",2011,7.3,11.247,0,0,0,0,0,0,0,1,0,0,0.0,0.0,0.0,0.0,0.0,0.0,0.0,0.0,1.0,0.0,0.0,0.0,177243185.0,20000000.0,115.0,0,0,0,0,1,0,0,1,0,0,0,0,0,0,0,0,0,0,0,0,0,0,0,0.0,0.0,0.0,0.0,0.0
Extremely Loud & Incredibly Close,0,"Scott Rudin, Producer",2011,6.9,8.267999999999999,0,0,0,0,0,1,0,0,0,0,0.0,0.0,0.0,0.0,0.0,0.0,0.0,0.0,0.0,0.0,0.0,1.0,55247881.0,40000000.0,129.0,0,1,0,0,0,0,0,1,0,0,0,0,0,0,0,1,0,0,0,0,0,0,0,0.0,0.0,0.0,0.0,0.0
The Help,0,"Brunson Green, Chris Columbus and Michael Barnathan, Producers",2011,8.1,9.721,0,0,0,0,0,1,0,0,0,0,0.0,0.0,0.0,0.0,0.0,0.0,0.0,1.0,0.0,0.0,0.0,0.0,124272124.0,25000000.0,146.0,0,0,0,0,0,0,0,1,0,0,0,0,0,0,0,0,0,0,0,0,0,0,0,0.0,0.0,0.0,0.0,1.0
Hugo,0,"Graham King and Martin Scorsese, Producers",2011,7.5,9.79,0,0,0,0,1,0,0,0,0,0,0.0,0.0,0.0,0.0,0.0,0.0,0.0,0.0,0.0,0.0,1.0,0.0,185770160.0,170000000.0,126.0,0,1,0,0,0,0,0,1,1,1,0,0,0,0,0,1,1,0,0,0,0,0,0,0.0,0.0,0.0,0.0,0.0
Midnight in Paris,0,"Letty Aronson and Stephen Tenenbaum, Producers",2011,7.7,12.094000000000001,0,0,0,0,0,1,0,0,0,0,0.0,0.0,0.0,0.0,1.0,0.0,0.0,0.0,0.0,0.0,0.0,0.0,151119219.0,30000000.0,94.0,0,0,0,0,1,0,0,0,0,1,0,0,0,0,0,0,1,0,0,0,0,0,0,0.0,0.0,0.0,0.0,0.0
Moneyball,0,"Michael De Luca, Rachael Horovitz and Brad Pitt, Producers",2011,7.6,10.718,0,0,0,0,0,1,0,0,0,0,0.0,0.0,0.0,0.0,0.0,0.0,0.0,0.0,1.0,0.0,0.0,0.0,110206216.0,50000000.0,134.0,0,0,0,1,0,0,0,1,0,0,0,0,0,0,0,0,0,0,0,1,0,0,0,0.0,0.0,0.0,0.0,0.0
The Tree of Life,0,"Sarah Green, Bill Pohlad, Dede Gardner and Grant Hill, Producers",2011,6.8,9.855,0,0,0,0,0,1,0,0,0,0,0.0,0.0,0.0,0.0,1.0,0.0,0.0,0.0,0.0,0.0,0.0,0.0,54674226.0,32000000.0,139.0,0,0,0,0,0,0,0,1,0,1,0,0,0,0,0,0,0,0,0,0,0,0,0,0.0,0.0,0.0,0.0,0.0
War Horse,0,"Steven Spielberg and Kathleen Kennedy, Producers",2011,7.2,8.492,0,0,0,0,0,1,0,0,0,0,0.0,0.0,0.0,0.0,0.0,0.0,0.0,0.0,0.0,0.0,0.0,1.0,177584879.0,66000000.0,146.0,0,0,0,0,0,0,0,1,0,0,0,1,0,0,0,0,0,0,0,0,0,1,0,0.0,0.0,0.0,0.0,0.0
Amour,0,"Margaret Menegoz, Stefan Arndt, Veit Heiduschka and Michael Katz, Producers",2012,7.9,6.2010000000000005,0,0,0,0,0,1,0,0,0,0,0.0,0.0,0.0,0.0,0.0,0.0,1.0,0.0,0.0,0.0,0.0,0.0,29844753.0,8900000.0,127.0,0,0,0,0,0,0,0,1,0,0,0,0,0,0,0,0,1,0,0,0,0,0,0,0.0,0.0,0.0,0.0,0.0
Argo,1,"Grant Heslov, Ben Affleck and George Clooney, Producers",2012,7.7,12.472999999999999,0,0,0,0,0,0,0,1,0,0,0.0,0.0,0.0,0.0,0.0,0.0,0.0,0.0,0.0,1.0,0.0,0.0,232324128.0,44500000.0,120.0,0,0,0,1,0,0,0,1,0,0,0,0,0,0,0,0,0,0,0,0,1,0,0,0.0,0.0,0.0,0.0,0.0
Beasts of the Southern Wild,0,"Dan Janvey, Josh Penn and Michael Gottwald, Producers",2012,7.3,7.114,0,0,0,0,0,1,0,0,0,0,0.0,0.0,0.0,0.0,0.0,1.0,0.0,0.0,0.0,0.0,0.0,0.0,21107746.0,1800000.0,93.0,0,1,0,0,0,0,0,1,0,1,0,0,0,0,0,0,0,0,0,0,0,0,0,0.0,0.0,0.0,0.0,0.0
Django Unchained,0,"Stacey Sher, Reginald Hudlin and Pilar Savone, Producers",2012,8.4,25.624000000000002,0,0,0,0,0,0,0,1,0,0,0.0,0.0,0.0,0.0,0.0,0.0,0.0,0.0,0.0,0.0,0.0,1.0,425368238.0,100000000.0,165.0,0,0,0,0,0,0,0,1,0,0,0,0,0,0,0,0,0,0,0,0,0,0,1,0.0,0.0,0.0,1.0,0.0
Les Misrables,0,"Tim Bevan, Eric Fellner, Debra Hayward and Cameron Mackintosh, Producers",2012,7.6,13.605,0,0,0,0,0,1,0,0,0,0,0.0,0.0,0.0,0.0,0.0,0.0,0.0,0.0,0.0,0.0,0.0,1.0,441809770.0,61000000.0,157.0,0,0,0,0,0,0,0,1,0,0,0,1,0,0,1,0,1,0,0,0,0,1,0,0.0,0.0,0.0,0.0,1.0
Life of Pi,0,"Gil Netter, Ang Lee and David Womark, Producers",2012,7.9,13.05,0,0,0,0,1,0,0,0,0,0,0.0,0.0,0.0,0.0,0.0,0.0,0.0,0.0,0.0,0.0,1.0,0.0,609016565.0,120000000.0,127.0,0,1,0,0,0,0,0,1,0,1,0,0,0,0,0,0,0,0,0,0,0,0,0,0.0,0.0,1.0,0.0,0.0
Lincoln,0,"Steven Spielberg and Kathleen Kennedy, Producers",2012,7.4,9.097999999999999,0,0,0,0,0,1,0,0,0,0,0.0,0.0,0.0,0.0,0.0,0.0,0.0,0.0,0.0,0.0,1.0,0.0,275293450.0,65000000.0,149.0,0,0,0,1,0,0,0,1,0,0,0,1,0,0,0,0,0,0,0,0,0,1,0,1.0,0.0,0.0,0.0,0.0
Silver Linings Playbook,0,"Donna Gigliotti, Bruce Cohen and Jonathan Gordon, Producers",2012,7.7,15.172,0,0,0,0,0,0,0,1,0,0,0.0,0.0,0.0,0.0,0.0,0.0,0.0,0.0,1.0,0.0,0.0,0.0,236412453.0,21000000.0,122.0,0,0,0,0,1,0,0,1,0,0,0,0,0,0,0,0,1,0,0,0,0,0,0,0.0,1.0,0.0,0.0,0.0
Zero Dark Thirty,0,"Mark Boal, Kathryn Bigelow and Megan Ellison, Producers",2012,7.4,13.34,0,0,0,0,0,0,0,1,0,0,0.0,0.0,0.0,0.0,0.0,0.0,0.0,0.0,0.0,0.0,0.0,1.0,132820716.0,40000000.0,157.0,0,0,0,0,0,0,0,1,0,0,0,0,0,0,0,0,0,0,0,0,1,0,0,0.0,0.0,0.0,0.0,0.0
American Hustle,0,"Charles Roven, Richard Suckle, Megan Ellison and Jonathan Gordon, Producers",2013,7.3,13.075,0,0,0,0,0,0,0,1,0,0,0.0,0.0,0.0,0.0,0.0,0.0,0.0,0.0,0.0,0.0,0.0,1.0,251171807.0,40000000.0,138.0,0,0,0,0,0,1,0,1,0,0,0,0,0,0,0,0,0,0,0,0,0,0,0,0.0,0.0,0.0,0.0,0.0
Captain Phillips,0,"Scott Rudin, Dana Brunetti and Michael De Luca, Producers",2013,7.8,12.945,0,0,0,0,0,1,0,0,0,0,0.0,0.0,0.0,0.0,0.0,0.0,0.0,0.0,0.0,1.0,0.0,0.0,95000000.0,55000000.0,134.0,0,0,0,1,0,0,0,1,0,0,0,0,0,0,0,0,0,0,0,0,1,0,0,0.0,0.0,0.0,0.0,0.0
Dallas Buyers Club,0,"Robbie Brenner and Rachel Winter, Producers",2013,8.0,12.627,0,0,0,0,0,0,0,1,0,0,0.0,0.0,0.0,0.0,0.0,0.0,0.0,0.0,0.0,0.0,1.0,0.0,55198285.0,5000000.0,117.0,0,0,0,1,0,0,0,1,0,0,0,0,0,0,0,0,0,0,0,0,0,0,0,1.0,0.0,0.0,1.0,0.0
Gravity,0,"Alfonso Cuarn and David Heyman, Producers",2013,7.7,19.178,0,0,0,0,0,1,0,0,0,0,0.0,0.0,0.0,0.0,0.0,0.0,0.0,0.0,0.0,1.0,0.0,0.0,716392705.0,105000000.0,91.0,0,0,0,0,0,0,0,1,0,0,0,0,0,0,0,0,0,1,0,0,1,0,0,0.0,0.0,1.0,0.0,0.0
Her,0,"Megan Ellison, Spike Jonze and Vincent Landay, Producers",2013,8.0,15.026,0,0,0,0,0,0,0,1,0,0,0.0,0.0,0.0,0.0,0.0,0.0,0.0,0.0,0.0,0.0,0.0,1.0,47351251.0,23000000.0,126.0,0,0,0,0,0,0,0,1,0,0,0,0,0,0,0,0,1,1,0,0,0,0,0,0.0,0.0,0.0,0.0,0.0
Nebraska,0,"Albert Berger and Ron Yerxa, Producers",2013,7.7,8.771,0,0,0,0,0,0,0,1,0,0,0.0,0.0,0.0,0.0,0.0,0.0,0.0,0.0,1.0,0.0,0.0,0.0,17654912.0,12000000.0,115.0,0,1,0,0,1,0,0,1,0,0,0,0,0,0,0,0,0,0,0,0,0,0,0,0.0,0.0,0.0,0.0,0.0
Philomena,0,"Gabrielle Tana, Steve Coogan and Tracey Seaward, Producers",2013,7.6,12.620999999999999,0,0,0,0,0,1,0,0,0,0,0.0,0.0,0.0,0.0,0.0,0.0,0.0,0.0,0.0,0.0,1.0,0.0,100129872.0,12000000.0,98.0,0,0,0,1,0,0,0,1,0,0,0,0,0,0,0,0,0,0,0,0,0,0,0,0.0,0.0,0.0,0.0,0.0
12 Years a Slave,1,"Brad Pitt, Dede Gardner, Jeremy Kleiner, Steve McQueen and Anthony Katagas, Producers",2013,8.1,20.808000000000003,0,0,0,0,0,0,0,1,0,0,0.0,0.0,0.0,0.0,0.0,0.0,0.0,0.0,0.0,1.0,0.0,0.0,187000000.0,20000000.0,134.0,0,0,0,1,0,0,0,1,0,0,0,1,0,0,0,0,0,0,0,0,0,0,0,0.0,0.0,0.0,0.0,1.0
The Wolf of Wall Street,0,"Martin Scorsese, Leonardo DiCaprio, Joey McFarland and Emma Tillinger Koskoff, Producers",2013,8.2,22.826999999999998,0,0,0,0,0,0,0,1,0,0,0.0,0.0,0.0,0.0,0.0,0.0,0.0,0.0,0.0,0.0,0.0,1.0,392000694.0,100000000.0,180.0,0,0,0,1,1,1,0,1,0,0,0,0,0,0,0,0,0,0,0,0,0,0,0,0.0,0.0,0.0,0.0,0.0
American Sniper,0,"Clint Eastwood, Robert Lorenz, Andrew Lazar, Bradley Cooper and Peter Morgan, Producers",2014,7.3,18.232,0,0,0,0,0,0,0,1,0,0,0.0,0.0,0.0,0.0,0.0,0.0,0.0,0.0,0.0,0.0,0.0,1.0,542307423.0,58800000.0,133.0,1,0,0,1,0,0,0,1,0,0,0,1,0,0,0,0,0,0,0,0,1,1,0,0.0,0.0,0.0,0.0,0.0
Birdman or (The Unexpected Virtue of Ignorance),1,"Alejandro G. Irritu, John Lesher and James W. Skotchdopole, Producers",2014,7.7,24.385,0,0,0,0,0,0,0,1,0,0,0.0,0.0,0.0,0.0,0.0,0.0,0.0,1.0,0.0,0.0,0.0,0.0,103215094.0,18000000.0,120.0,0,0,0,0,1,0,0,1,0,0,0,0,0,0,0,0,0,0,0,0,0,0,0,0.0,0.0,1.0,0.0,0.0
Boyhood,0,"Richard Linklater and Cathleen Sutherland, Producers",2014,7.9,9.138,0,0,0,0,0,0,0,1,0,0,0.0,0.0,0.0,0.0,0.0,1.0,0.0,0.0,0.0,0.0,0.0,0.0,44349000.0,4000000.0,164.0,0,0,0,0,0,0,0,1,0,0,0,0,0,0,0,0,0,0,0,0,0,0,0,0.0,0.0,0.0,0.0,1.0
The Grand Budapest Hotel,0,"Wes Anderson, Scott Rudin, Steven Rales and Jeremy Dawson, Producers",2014,8.1,16.01,0,0,0,0,0,0,0,1,0,0,0.0,1.0,0.0,0.0,0.0,0.0,0.0,0.0,0.0,0.0,0.0,0.0,174600318.0,30000000.0,99.0,0,1,0,0,1,0,0,1,0,0,0,0,0,0,0,0,0,0,0,0,0,0,0,0.0,0.0,0.0,0.0,0.0
The Imitation Game,0,"Nora Grossman, Ido Ostrowsky and Teddy Schwarzman, Producers",2014,8.0,29.678,0,0,0,0,0,1,0,0,0,0,0.0,0.0,0.0,0.0,0.0,0.0,0.0,0.0,0.0,0.0,1.0,0.0,233555708.0,14000000.0,113.0,0,0,0,1,0,0,0,1,0,0,0,0,0,0,0,0,0,0,0,0,1,1,0,0.0,0.0,0.0,0.0,0.0
Selma,0,"Christian Colson, Oprah Winfrey, Dede Gardner and Jeremy Kleiner, Producers",2014,7.5,6.127999999999999,0,0,0,0,0,1,0,0,0,0,0.0,0.0,0.0,0.0,0.0,0.0,0.0,0.0,0.0,0.0,0.0,1.0,66787908.0,20000000.0,127.0,0,0,0,1,0,0,0,1,0,0,0,1,0,0,0,0,0,0,0,0,0,0,0,0.0,0.0,0.0,0.0,0.0
The Theory of Everything,0,"Tim Bevan, Eric Fellner, Lisa Bruce and Anthony McCarten, Producers",2014,7.7,15.128,0,0,0,0,0,1,0,0,0,0,0.0,0.0,0.0,0.0,0.0,0.0,0.0,0.0,0.0,0.0,1.0,0.0,123726688.0,15000000.0,123.0,0,0,0,1,0,0,0,1,0,0,0,0,0,0,0,0,1,0,0,0,0,0,0,1.0,0.0,0.0,0.0,0.0
Whiplash,0,"Jason Blum, Helen Estabrook and David Lancaster, Producers",2014,8.5,28.978,0,0,0,0,0,0,0,1,0,0,0.0,0.0,0.0,0.0,0.0,0.0,0.0,0.0,0.0,1.0,0.0,0.0,13092000.0,3300000.0,107.0,0,0,0,0,0,0,0,1,0,0,0,0,0,1,0,0,0,0,0,0,0,0,0,0.0,0.0,0.0,1.0,0.0
The Big Short,0,"Brad Pitt, Dede Gardner and Jeremy Kleiner, Producers",2015,7.8,12.24,0,0,0,0,0,0,0,1,0,0,0.0,0.0,0.0,0.0,0.0,0.0,0.0,0.0,0.0,0.0,0.0,1.0,133346506.0,28000000.0,131.0,0,0,0,1,1,0,0,1,0,0,0,1,0,0,0,0,0,0,0,0,0,0,0,0.0,0.0,0.0,0.0,0.0
Bridge of Spies,0,"Steven Spielberg, Marc Platt and Kristie Macosko Krieger, Producers",2015,7.6,11.38,0,0,0,0,0,1,0,0,0,0,0.0,0.0,0.0,0.0,0.0,0.0,0.0,0.0,0.0,1.0,0.0,0.0,165478348.0,40000000.0,141.0,0,0,0,0,0,0,0,1,0,0,0,1,0,0,0,0,0,0,0,0,1,0,0,0.0,0.0,0.0,1.0,0.0
Brooklyn,0,"Finola Dwyer and Amanda Posey, Producers",2015,7.5,10.04,0,0,0,0,0,1,0,0,0,0,0.0,0.0,0.0,0.0,0.0,0.0,0.0,0.0,0.0,1.0,0.0,0.0,62076141.0,11000000.0,111.0,0,0,0,0,0,0,0,1,0,0,0,0,0,0,0,0,1,0,0,0,0,0,0,0.0,0.0,0.0,0.0,0.0
Mad Max: Fury Road,0,"Doug Mitchell and George Miller, Producers",2015,8.1,29.146,0,0,0,0,0,0,0,1,0,0,0.0,0.0,0.0,0.0,1.0,0.0,0.0,0.0,0.0,0.0,0.0,0.0,378858340.0,150000000.0,121.0,1,1,0,0,0,0,0,0,0,0,0,0,0,0,0,0,0,1,0,0,1,0,0,0.0,0.0,0.0,0.0,0.0
The Martian,0,"Simon Kinberg, Ridley Scott, Michael Schaefer and Mark Huffam, Producers",2015,8.0,26.073,0,0,0,0,0,1,0,0,0,0,0.0,0.0,0.0,0.0,0.0,0.0,0.0,0.0,1.0,0.0,0.0,0.0,630161890.0,108000000.0,141.0,0,1,0,0,0,0,0,1,0,0,0,0,0,0,0,0,0,1,0,0,0,0,0,0.0,0.0,0.0,0.0,0.0
The Revenant,0,"Arnon Milchan, Steve Golin, Alejandro G. Irritu, Mary Parent and Keith Redmon, Producers",2015,8.0,18.112000000000002,0,0,0,0,0,0,0,1,0,0,0.0,0.0,0.0,0.0,0.0,0.0,0.0,0.0,0.0,0.0,0.0,1.0,532950503.0,135000000.0,157.0,1,1,0,1,0,0,0,1,0,0,0,0,0,0,0,0,0,0,0,0,0,0,1,1.0,0.0,1.0,0.0,0.0
Room,0,"Ed Guiney, Producer",2015,8.2,14.992,0,0,0,0,0,0,0,1,0,0,0.0,0.0,0.0,0.0,0.0,0.0,0.0,0.0,0.0,1.0,0.0,0.0,35401758.0,6000000.0,117.0,0,0,0,0,0,0,0,1,0,0,0,0,0,0,0,0,0,0,0,0,1,0,0,0.0,1.0,0.0,0.0,0.0
Spotlight,1,"Michael Sugar, Steve Golin, Nicole Rocklin and Blye Pagon Faust, Producers",2015,8.1,14.14,0,0,0,0,0,0,0,1,0,0,0.0,0.0,0.0,0.0,0.0,0.0,0.0,0.0,0.0,0.0,1.0,0.0,88346473.0,20000000.0,129.0,0,0,0,0,0,1,0,1,0,0,0,1,0,0,0,0,0,0,0,0,0,0,0,0.0,0.0,0.0,0.0,0.0
