category,common_name,measures,scientific_name
Groupers and Seabasses,Red Hind,Species management,Epinephelus guttatus
Groupers and Seabasses,Red Hind,Site/area management,Epinephelus guttatus
Groupers and Seabasses,Red Hind,Site/area protection,Epinephelus guttatus
Groupers and Seabasses,Red Hind,Harvest management,Epinephelus guttatus
Groupers and Seabasses,Brown-Marbled Grouper,Species management,Epinephelus fuscoguttatus
Groupers and Seabasses,Brown-Marbled Grouper,Site/area management,Epinephelus fuscoguttatus
Groupers and Seabasses,Brown-Marbled Grouper,Site/area protection,Epinephelus fuscoguttatus
Groupers and Seabasses,Brown-Marbled Grouper,Harvest management,Epinephelus fuscoguttatus
Groupers and Seabasses,Camouflage Grouper,Site/area protection,Epinephelus polyphekadion
Groupers and Seabasses,Camouflage Grouper,Harvest management,Epinephelus polyphekadion
Groupers and Seabasses,Camouflage Grouper,National level,Epinephelus polyphekadion
Groupers and Seabasses,Camouflage Grouper,Sub-national level,Epinephelus polyphekadion
Groupers and Seabasses,Camouflage Grouper,Trade management,Epinephelus polyphekadion
Groupers and Seabasses,Camouflage Grouper,Compliance and enforcement,Epinephelus polyphekadion
Groupers and Seabasses,Camouflage Grouper,Species management,Epinephelus polyphekadion
Groupers and Seabasses,Camouflage Grouper,Site/area management,Epinephelus polyphekadion
Groupers and Seabasses,Blacktip Grouper,Site/area management,Epinephelus fasciatus
Groupers and Seabasses,Blacktip Grouper,Site/area protection,Epinephelus fasciatus
Groupers and Seabasses,Specklefin Grouper,Species management,Epinephelus ongus
Groupers and Seabasses,Specklefin Grouper,Site/area protection,Epinephelus ongus
Groupers and Seabasses,Specklefin Grouper,Harvest management,Epinephelus ongus
Groupers and Seabasses,Black Grouper,Species management,Mycteroperca bonaci
Groupers and Seabasses,Black Grouper,Site/area protection,Mycteroperca bonaci
Groupers and Seabasses,Black Grouper,Harvest management,Mycteroperca bonaci
Groupers and Seabasses,Tiger Grouper,Site/area protection,Mycteroperca tigris
Groupers and Seabasses,Tiger Grouper,Harvest management,Mycteroperca tigris
Groupers and Seabasses,Tiger Grouper,Trade management,Mycteroperca tigris
Groupers and Seabasses,Tiger Grouper,Species management,Mycteroperca tigris
Groupers and Seabasses,Tiger Grouper,Site/area management,Mycteroperca tigris
Groupers and Seabasses,Yellowmouth Grouper,Species management,Mycteroperca interstitialis
Groupers and Seabasses,Yellowmouth Grouper,Harvest management,Mycteroperca interstitialis
Groupers and Seabasses,Yellowfin Grouper,Species management,Mycteroperca venenosa
Groupers and Seabasses,Yellowfin Grouper,Site/area management,Mycteroperca venenosa
Groupers and Seabasses,Yellowfin Grouper,Site/area protection,Mycteroperca venenosa
Groupers and Seabasses,Yellowfin Grouper,Harvest management,Mycteroperca venenosa
Groupers and Seabasses,Coney,Species management,Cephalopholis fulva
Groupers and Seabasses,Coney,Harvest management,Cephalopholis fulva
Groupers and Seabasses,Peacock Grouper,Species management,Cephalopholis argus
Groupers and Seabasses,Peacock Grouper,Harvest management,Cephalopholis argus
Groupers and Seabasses,Bluespotted Grouper,Site/area management,Cephalopholis cyanostigma
Groupers and Seabasses,Bluespotted Grouper,Site/area protection,Cephalopholis cyanostigma
Groupers and Seabasses,Tomato Grouper,Site/area protection,Cephalopholis sonnerati
Groupers and Seabasses,Tomato Grouper,Harvest management,Cephalopholis sonnerati
Groupers and Seabasses,Tomato Grouper,Trade management,Cephalopholis sonnerati
Groupers and Seabasses,Tomato Grouper,Species management,Cephalopholis sonnerati
Groupers and Seabasses,Tomato Grouper,Site/area management,Cephalopholis sonnerati
Groupers and Seabasses,Coral Grouper,Species management,Cephalopholis miniata
Groupers and Seabasses,Coral Grouper,Site/area protection,Cephalopholis miniata
Groupers and Seabasses,Coral Grouper,Harvest management,Cephalopholis miniata
Groupers and Seabasses,Six-Banded Grouper,Species management,Cephalopholis sexmaculata
Groupers and Seabasses,Six-Banded Grouper,Site/area management,Cephalopholis sexmaculata
Groupers and Seabasses,Six-Banded Grouper,Site/area protection,Cephalopholis sexmaculata
Groupers and Seabasses,Six-Banded Grouper,Harvest management,Cephalopholis sexmaculata
Groupers and Seabasses,Baramundi,Site/area protection,Cromileptes altivelis
Groupers and Seabasses,Baramundi,Harvest management,Cromileptes altivelis
Groupers and Seabasses,Baramundi,National level,Cromileptes altivelis
Groupers and Seabasses,Baramundi,International level,Cromileptes altivelis
Groupers and Seabasses,Baramundi,Trade management,Cromileptes altivelis
Groupers and Seabasses,Baramundi,Sub-national level,Cromileptes altivelis
Groupers and Seabasses,Baramundi,Legislation,Cromileptes altivelis
Groupers and Seabasses,Baramundi,Species management,Cromileptes altivelis
Groupers and Seabasses,Baramundi,Site/area management,Cromileptes altivelis
Groupers and Seabasses,Slender Grouper,Species management,Anyperodon leucogrammicus
Groupers and Seabasses,Slender Grouper,Site/area management,Anyperodon leucogrammicus
Groupers and Seabasses,Slender Grouper,Site/area protection,Anyperodon leucogrammicus
Groupers and Seabasses,Slender Grouper,Harvest management,Anyperodon leucogrammicus
Grunts and Snappers,White Margate,Species management,Haemulon album
Grunts and Snappers,White Margate,Harvest management,Haemulon album
Grunts and Snappers,Black Margate,Species management,Anisotremus surinamensis
Grunts and Snappers,Black Margate,Trade management,Anisotremus surinamensis
Grunts and Snappers,Black Margate,Harvest management,Anisotremus surinamensis
Grunts and Snappers,Black Margate,Resource & habitat protection,Anisotremus surinamensis
Grunts and Snappers,Smalltoothed Jobfish,Harvest management,Aphareus furca
Grunts and Snappers,Smalltoothed Jobfish,National level,Aphareus furca
Grunts and Snappers,Smalltoothed Jobfish,Sub-national level,Aphareus furca
Grunts and Snappers,Smalltoothed Jobfish,Compliance and enforcement,Aphareus furca
Grunts and Snappers,Smalltoothed Jobfish,Legislation,Aphareus furca
Grunts and Snappers,Smalltoothed Jobfish,Species management,Aphareus furca
Grunts and Snappers,Yellowtail Snapper,Species management,Ocyurus chrysurus
Grunts and Snappers,Yellowtail Snapper,Harvest management,Ocyurus chrysurus
Grunts and Snappers,Dog Snapper,Species management,Lutjanus jocu
Grunts and Snappers,Dog Snapper,Harvest management,Lutjanus jocu
Grunts and Snappers,Mutton Snapper,Species management,Lutjanus analis
Grunts and Snappers,Mutton Snapper,Harvest management,Lutjanus analis
Grunts and Snappers,Lane Snapper,Species management,Lutjanus synagris
Grunts and Snappers,Lane Snapper,Harvest management,Lutjanus synagris
Grunts and Snappers,Blacktail Snapper,Species management,Lutjanus fulvus
Grunts and Snappers,Blacktail Snapper,Harvest management,Lutjanus fulvus
Grunts and Snappers,Black-Banded Snapper,Sub-national level,Lutjanus semicinctus
Grunts and Snappers,Black-Banded Snapper,Compliance and enforcement,Lutjanus semicinctus
Grunts and Snappers,Black-Banded Snapper,Legislation,Lutjanus semicinctus
Grunts and Snappers,Bluestripe Snapper,Harvest management,Lutjanus kasmira
Grunts and Snappers,Bluestripe Snapper,Sub-national level,Lutjanus kasmira
Grunts and Snappers,Bluestripe Snapper,Compliance and enforcement,Lutjanus kasmira
Grunts and Snappers,Bluestripe Snapper,Legislation,Lutjanus kasmira
Grunts and Snappers,Bluestripe Snapper,Species management,Lutjanus kasmira
Grunts and Snappers,Blackfin Snapper,Species management,Lutjanus buccanella
Grunts and Snappers,Blackfin Snapper,Harvest management,Lutjanus buccanella
Grunts and Snappers,Twospot Snapper,Harvest management,Lutjanus biguttatus
Grunts and Snappers,Twospot Snapper,National level,Lutjanus biguttatus
Grunts and Snappers,Twospot Snapper,Sub-national level,Lutjanus biguttatus
Grunts and Snappers,Twospot Snapper,Compliance and enforcement,Lutjanus biguttatus
Grunts and Snappers,Twospot Snapper,Legislation,Lutjanus biguttatus
Grunts and Snappers,Twospot Snapper,Species management,Lutjanus biguttatus
Grunts and Snappers,Midnight Snapper,Harvest management,Macolor macularis
Grunts and Snappers,Midnight Snapper,National level,Macolor macularis
Grunts and Snappers,Midnight Snapper,Sub-national level,Macolor macularis
Grunts and Snappers,Midnight Snapper,Compliance and enforcement,Macolor macularis
Grunts and Snappers,Midnight Snapper,Legislation,Macolor macularis
Grunts and Snappers,Midnight Snapper,Species management,Macolor macularis
Parrotfishes and Wrasses,Yellowfin Parrotfish,Site/area protection,Scarus flavipectoralis
Parrotfishes and Wrasses,Steephead Parrotfish,International level,Chlorurus microrhinos
Parrotfishes and Wrasses,Steephead Parrotfish,Compliance and enforcement,Chlorurus microrhinos
Parrotfishes and Wrasses,Steephead Parrotfish,Resource & habitat protection,Chlorurus microrhinos
Parrotfishes and Wrasses,Green Humphead Parrotfish,Captive breeding/artificial propagation,Bolbometopon muricatum
Parrotfishes and Wrasses,Green Humphead Parrotfish,Linked enterprises & livelihood alternatives,Bolbometopon muricatum
Parrotfishes and Wrasses,Green Humphead Parrotfish,Site/area protection,Bolbometopon muricatum
Parrotfishes and Wrasses,Green Humphead Parrotfish,Harvest management,Bolbometopon muricatum
Parrotfishes and Wrasses,Green Humphead Parrotfish,National level,Bolbometopon muricatum
Parrotfishes and Wrasses,Green Humphead Parrotfish,Sub-national level,Bolbometopon muricatum
Parrotfishes and Wrasses,Green Humphead Parrotfish,Trade management,Bolbometopon muricatum
Parrotfishes and Wrasses,Green Humphead Parrotfish,Ex-situ conservation,Bolbometopon muricatum
Parrotfishes and Wrasses,Green Humphead Parrotfish,Legislation,Bolbometopon muricatum
Parrotfishes and Wrasses,Green Humphead Parrotfish,Species management,Bolbometopon muricatum
Parrotfishes and Wrasses,Green Humphead Parrotfish,Site/area management,Bolbometopon muricatum
Parrotfishes and Wrasses,Green Humphead Parrotfish,Genome resource bank,Bolbometopon muricatum
Parrotfishes and Wrasses,Green Humphead Parrotfish,Resource & habitat protection,Bolbometopon muricatum
Parrotfishes and Wrasses,Humphead Wrasse,Awareness & communications,Cheilinus undulatus
Parrotfishes and Wrasses,Humphead Wrasse,Site/area protection,Cheilinus undulatus
Parrotfishes and Wrasses,Humphead Wrasse,National level,Cheilinus undulatus
Parrotfishes and Wrasses,Humphead Wrasse,International level,Cheilinus undulatus
Parrotfishes and Wrasses,Humphead Wrasse,Sub-national level,Cheilinus undulatus
Parrotfishes and Wrasses,Humphead Wrasse,Compliance and enforcement,Cheilinus undulatus
Parrotfishes and Wrasses,Humphead Wrasse,Legislation,Cheilinus undulatus
Parrotfishes and Wrasses,Humphead Wrasse,Site/area management,Cheilinus undulatus
Parrotfishes and Wrasses,Redbreasted Wrasse,Species management,Cheilinus fasciatus
Parrotfishes and Wrasses,Redbreasted Wrasse,Trade management,Cheilinus fasciatus
Parrotfishes and Wrasses,Redbreasted Wrasse,Harvest management,Cheilinus fasciatus
Parrotfishes and Wrasses,Slingjaw Wrasse,Species management,Epibulus insidiator
Parrotfishes and Wrasses,Slingjaw Wrasse,Trade management,Epibulus insidiator
Parrotfishes and Wrasses,Slingjaw Wrasse,Harvest management,Epibulus insidiator
Parrotfishes and Wrasses,Anchor Tuskfish,Species management,Choerodon anchorago
Parrotfishes and Wrasses,Anchor Tuskfish,Trade management,Choerodon anchorago
Parrotfishes and Wrasses,Anchor Tuskfish,Harvest management,Choerodon anchorago
Parrotfishes and Wrasses,Cheeklined Wrasse,Site/area management,Oxycheilinus digramma
Parrotfishes and Wrasses,Celebes Wrasse,Site/area management,Oxycheilinus celebicus
Parrotfishes and Wrasses,Bluestreak Cleaner Wrasse,Species management,Labroides dimidiatus
Parrotfishes and Wrasses,Bluestreak Cleaner Wrasse,Trade management,Labroides dimidiatus
Parrotfishes and Wrasses,Bluestreak Cleaner Wrasse,Harvest management,Labroides dimidiatus
Parrotfishes and Wrasses,Bicolor Cleaner Wrasse,National level,Labroides bicolor
Parrotfishes and Wrasses,Bicolor Cleaner Wrasse,Compliance and enforcement,Labroides bicolor
Parrotfishes and Wrasses,Hogfish,Species management,Lachnolaimus maximus
Parrotfishes and Wrasses,Hogfish,Harvest management,Lachnolaimus maximus
Parrotfishes and Wrasses,Spanish Hogfish,Species management,Bodianus rufus
Parrotfishes and Wrasses,Spanish Hogfish,Trade management,Bodianus rufus
Parrotfishes and Wrasses,Spanish Hogfish,Harvest management,Bodianus rufus
Parrotfishes and Wrasses,Cigar Wrasse,Species management,Cheilio inermis
Parrotfishes and Wrasses,Cigar Wrasse,Trade management,Cheilio inermis
Parrotfishes and Wrasses,Cigar Wrasse,Harvest management,Cheilio inermis
Red Fish,Banggai Cardinalfish,Awareness & communications,Pterapogon kauderni
Red Fish,Banggai Cardinalfish,Captive breeding/artificial propagation,Pterapogon kauderni
Red Fish,Banggai Cardinalfish,Training,Pterapogon kauderni
Red Fish,Banggai Cardinalfish,Linked enterprises & livelihood alternatives,Pterapogon kauderni
Red Fish,Banggai Cardinalfish,Site/area protection,Pterapogon kauderni
Red Fish,Banggai Cardinalfish,Species re-introduction,Pterapogon kauderni
Red Fish,Banggai Cardinalfish,National level,Pterapogon kauderni
Red Fish,Banggai Cardinalfish,International level,Pterapogon kauderni
Red Fish,Banggai Cardinalfish,Trade management,Pterapogon kauderni
Red Fish,Banggai Cardinalfish,Species recovery,Pterapogon kauderni
Red Fish,Banggai Cardinalfish,Ex-situ conservation,Pterapogon kauderni
Red Fish,Banggai Cardinalfish,Sub-national level,Pterapogon kauderni
Red Fish,Banggai Cardinalfish,Reintroduction,Pterapogon kauderni
Red Fish,Banggai Cardinalfish,Legislation,Pterapogon kauderni
Red Fish,Banggai Cardinalfish,Species management,Pterapogon kauderni
Red Fish,Banggai Cardinalfish,Site/area management,Pterapogon kauderni
Red Fish,Banggai Cardinalfish,Resource & habitat protection,Pterapogon kauderni
Bottom Dwellers,Dragon Sea Moth,Species management,Eurypegasus draconis
Bottom Dwellers,Dragon Sea Moth,Harvest management,Eurypegasus draconis
Odd Shaped Swimmers,Whitesaddle Goatfish,Species management,Parupeneus porphyreus
Odd Shaped Swimmers,Whitesaddle Goatfish,Harvest management,Parupeneus porphyreus
Odd Shaped Swimmers,Razorfish,National level,Aeoliscus strigatus
Odd Shaped Swimmers,Razorfish,International level,Aeoliscus strigatus
Odd Shaped Swimmers,Razorfish,Compliance and enforcement,Aeoliscus strigatus
Odd Shaped Swimmers,Razorfish,Legislation,Aeoliscus strigatus
Seahorses and Pipefish,Thorny seahorse,Awareness & communications,Hippocampus histrix
Seahorses and Pipefish,Thorny seahorse,Training,Hippocampus histrix
Seahorses and Pipefish,Thorny seahorse,Site/area protection,Hippocampus histrix
Seahorses and Pipefish,Thorny seahorse,Harvest management,Hippocampus histrix
Seahorses and Pipefish,Thorny seahorse,Trade management,Hippocampus histrix
Seahorses and Pipefish,Thorny seahorse,Habitat & natural process restoration,Hippocampus histrix
Seahorses and Pipefish,Thorny seahorse,Policies and regulations,Hippocampus histrix
Seahorses and Pipefish,Thorny seahorse,Species management,Hippocampus histrix
Seahorses and Pipefish,Thorny seahorse,Site/area management,Hippocampus histrix
Seahorses and Pipefish,Thorny seahorse,Resource & habitat protection,Hippocampus histrix
Seahorses and Pipefish,Common Seahorse,Awareness & communications,Hippocampus kuda
Seahorses and Pipefish,Common Seahorse,Site/area protection,Hippocampus kuda
Seahorses and Pipefish,Common Seahorse,Harvest management,Hippocampus kuda
Seahorses and Pipefish,Common Seahorse,Private sector standards & codes,Hippocampus kuda
Seahorses and Pipefish,Common Seahorse,International level,Hippocampus kuda
Seahorses and Pipefish,Common Seahorse,Trade management,Hippocampus kuda
Seahorses and Pipefish,Common Seahorse,Compliance and enforcement,Hippocampus kuda
Seahorses and Pipefish,Common Seahorse,National level,Hippocampus kuda
Seahorses and Pipefish,Common Seahorse,Sub-national level,Hippocampus kuda
Seahorses and Pipefish,Common Seahorse,Habitat & natural process restoration,Hippocampus kuda
Seahorses and Pipefish,Common Seahorse,Policies and regulations,Hippocampus kuda
Seahorses and Pipefish,Common Seahorse,Species management,Hippocampus kuda
Seahorses and Pipefish,Common Seahorse,Site/area management,Hippocampus kuda
Seahorses and Pipefish,Common Seahorse,Resource & habitat protection,Hippocampus kuda
Seahorses and Pipefish,Smooth Seahorse,Awareness & communications,Hippocampus trimaculatus
Seahorses and Pipefish,Smooth Seahorse,Training,Hippocampus trimaculatus
Seahorses and Pipefish,Smooth Seahorse,Harvest management,Hippocampus trimaculatus
Seahorses and Pipefish,Smooth Seahorse,Trade management,Hippocampus trimaculatus
Seahorses and Pipefish,Smooth Seahorse,Species management,Hippocampus trimaculatus
Seahorses and Pipefish,Pacific Seahorse,Awareness & communications,Hippocampus ingens
Seahorses and Pipefish,Pacific Seahorse,Harvest management,Hippocampus ingens
Seahorses and Pipefish,Pacific Seahorse,National level,Hippocampus ingens
Seahorses and Pipefish,Pacific Seahorse,Sub-national level,Hippocampus ingens
Seahorses and Pipefish,Pacific Seahorse,Trade management,Hippocampus ingens
Seahorses and Pipefish,Pacific Seahorse,Legislation,Hippocampus ingens
Seahorses and Pipefish,Pacific Seahorse,Species management,Hippocampus ingens
Seahorses and Pipefish,Pygmy Seahorse,National level,Hippocampus bargibanti
Seahorses and Pipefish,Pygmy Seahorse,International level,Hippocampus bargibanti
Seahorses and Pipefish,Pygmy Seahorse,Sub-national level,Hippocampus bargibanti
Seahorses and Pipefish,Pygmy Seahorse,Private sector standards & codes,Hippocampus bargibanti
Seahorses and Pipefish,Pygmy Seahorse,Compliance and enforcement,Hippocampus bargibanti
Seahorses and Pipefish,Pygmy Seahorse,Policies and regulations,Hippocampus bargibanti
Seahorses and Pipefish,Pygmy Seahorse,Legislation,Hippocampus bargibanti
Seahorses and Pipefish,Pontoh's Pygmy Seahorse,National level,Hippocampus pontohi
Seahorses and Pipefish,Pontoh's Pygmy Seahorse,International level,Hippocampus pontohi
Seahorses and Pipefish,Pontoh's Pygmy Seahorse,Sub-national level,Hippocampus pontohi
Seahorses and Pipefish,Pontoh's Pygmy Seahorse,Private sector standards & codes,Hippocampus pontohi
Seahorses and Pipefish,Pontoh's Pygmy Seahorse,Compliance and enforcement,Hippocampus pontohi
Seahorses and Pipefish,Pontoh's Pygmy Seahorse,Policies and regulations,Hippocampus pontohi
Seahorses and Pipefish,Pontoh's Pygmy Seahorse,Legislation,Hippocampus pontohi
Seahorses and Pipefish,Naia Pipefish,National level,Dunckerocampus naia
Seahorses and Pipefish,Naia Pipefish,International level,Dunckerocampus naia
Seahorses and Pipefish,Naia Pipefish,Sub-national level,Dunckerocampus naia
Seahorses and Pipefish,Naia Pipefish,Private sector standards & codes,Dunckerocampus naia
Seahorses and Pipefish,Naia Pipefish,Compliance and enforcement,Dunckerocampus naia
Seahorses and Pipefish,Naia Pipefish,Policies and regulations,Dunckerocampus naia
Seahorses and Pipefish,Naia Pipefish,Legislation,Dunckerocampus naia
Seahorses and Pipefish,Brown-banded Pipefish,National level,Corythoichthys amplexus
Seahorses and Pipefish,Brown-banded Pipefish,International level,Corythoichthys amplexus
Seahorses and Pipefish,Brown-banded Pipefish,Sub-national level,Corythoichthys amplexus
Seahorses and Pipefish,Brown-banded Pipefish,Private sector standards & codes,Corythoichthys amplexus
Seahorses and Pipefish,Brown-banded Pipefish,Compliance and enforcement,Corythoichthys amplexus
Seahorses and Pipefish,Brown-banded Pipefish,Policies and regulations,Corythoichthys amplexus
Seahorses and Pipefish,Brown-banded Pipefish,Legislation,Corythoichthys amplexus
Seahorses and Pipefish,Shortnose Pipefish,National level,Micrognathus andersonii
Seahorses and Pipefish,Shortnose Pipefish,International level,Micrognathus andersonii
Seahorses and Pipefish,Shortnose Pipefish,Sub-national level,Micrognathus andersonii
Seahorses and Pipefish,Shortnose Pipefish,Compliance and enforcement,Micrognathus andersonii
Seahorses and Pipefish,Shortnose Pipefish,Policies and regulations,Micrognathus andersonii
Seahorses and Pipefish,Shortnose Pipefish,Legislation,Micrognathus andersonii
Seahorses and Pipefish,Mushroom Coral Pipefish,National level,Siokunichthys nigrolineatus
Seahorses and Pipefish,Mushroom Coral Pipefish,International level,Siokunichthys nigrolineatus
Seahorses and Pipefish,Mushroom Coral Pipefish,Sub-national level,Siokunichthys nigrolineatus
Seahorses and Pipefish,Mushroom Coral Pipefish,Private sector standards & codes,Siokunichthys nigrolineatus
Seahorses and Pipefish,Mushroom Coral Pipefish,Compliance and enforcement,Siokunichthys nigrolineatus
Seahorses and Pipefish,Mushroom Coral Pipefish,Policies and regulations,Siokunichthys nigrolineatus
Seahorses and Pipefish,Mushroom Coral Pipefish,Legislation,Siokunichthys nigrolineatus
Seahorses and Pipefish,Double-Ended Pipefish,Harvest management,Syngnathoides biaculeatus
Seahorses and Pipefish,Double-Ended Pipefish,National level,Syngnathoides biaculeatus
Seahorses and Pipefish,Double-Ended Pipefish,International level,Syngnathoides biaculeatus
Seahorses and Pipefish,Double-Ended Pipefish,Compliance and enforcement,Syngnathoides biaculeatus
Seahorses and Pipefish,Double-Ended Pipefish,Legislation,Syngnathoides biaculeatus
Seahorses and Pipefish,Double-Ended Pipefish,Species management,Syngnathoides biaculeatus
Sharks and Rays,Caribbean Whiptail Stingray,Species management,Himantura schmardae
Sharks and Rays,Caribbean Whiptail Stingray,Site/area management,Himantura schmardae
Sharks and Rays,Caribbean Whiptail Stingray,Harvest management,Himantura schmardae
Sharks and Rays,Cowtail Stingray,Awareness & communications,Pastinachus sephen
Sharks and Rays,Cowtail Stingray,Harvest management,Pastinachus sephen
Sharks and Rays,Cowtail Stingray,National level,Pastinachus sephen
Sharks and Rays,Cowtail Stingray,Compliance and enforcement,Pastinachus sephen
Sharks and Rays,Cowtail Stingray,Policies and regulations,Pastinachus sephen
Sharks and Rays,Cowtail Stingray,Legislation,Pastinachus sephen
Sharks and Rays,Cowtail Stingray,Species management,Pastinachus sephen
Sharks and Rays,Cowtail Stingray,Resource & habitat protection,Pastinachus sephen
Crustaceans,Banded Spiny Lobster,Species management,Panulirus marginatus
Crustaceans,Banded Spiny Lobster,Species recovery,Panulirus marginatus
Crustaceans,Banded Spiny Lobster,Harvest management,Panulirus marginatus
Cephalopods,Common Octopus,Species management,Octopus vulgaris
Cephalopods,Common Octopus,Harvest management,Octopus vulgaris
Coral,Branching Fire Coral,Captive breeding/artificial propagation,Millepora alcicornis
Coral,Branching Fire Coral,Site/area protection,Millepora alcicornis
Coral,Branching Fire Coral,Species recovery,Millepora alcicornis
Coral,Branching Fire Coral,Ex-situ conservation,Millepora alcicornis
Coral,Branching Fire Coral,Habitat & natural process restoration,Millepora alcicornis
Coral,Branching Fire Coral,Site/area management,Millepora alcicornis
Coral,Branching Fire Coral,Genome resource bank,Millepora alcicornis
Coral,Blade Fire Coral,Captive breeding/artificial propagation,Millepora Complanata
Coral,Blade Fire Coral,Site/area protection,Millepora Complanata
Coral,Blade Fire Coral,Species recovery,Millepora Complanata
Coral,Blade Fire Coral,Ex-situ conservation,Millepora Complanata
Coral,Blade Fire Coral,Habitat & natural process restoration,Millepora Complanata
Coral,Blade Fire Coral,Site/area management,Millepora Complanata
Coral,Blade Fire Coral,Genome resource bank,Millepora Complanata
Coral,Staghorn Coral,Captive breeding/artificial propagation,Acropora cervicornis
Coral,Staghorn Coral,Site/area protection,Acropora cervicornis
Coral,Staghorn Coral,Species recovery,Acropora cervicornis
Coral,Staghorn Coral,Ex-situ conservation,Acropora cervicornis
Coral,Staghorn Coral,Habitat & natural process restoration,Acropora cervicornis
Coral,Staghorn Coral,Site/area management,Acropora cervicornis
Coral,Staghorn Coral,Genome resource bank,Acropora cervicornis
Coral,Clubtip Finger Coral,Captive breeding/artificial propagation,Porites porites
Coral,Clubtip Finger Coral,Site/area protection,Porites porites
Coral,Clubtip Finger Coral,Species recovery,Porites porites
Coral,Clubtip Finger Coral,Ex-situ conservation,Porites porites
Coral,Clubtip Finger Coral,Habitat & natural process restoration,Porites porites
Coral,Clubtip Finger Coral,Site/area management,Porites porites
Coral,Clubtip Finger Coral,Genome resource bank,Porites porites
Coral,Branched Finger Coral,Captive breeding/artificial propagation,Porites furcata
Coral,Branched Finger Coral,Site/area protection,Porites furcata
Coral,Branched Finger Coral,Species recovery,Porites furcata
Coral,Branched Finger Coral,Ex-situ conservation,Porites furcata
Coral,Branched Finger Coral,Habitat & natural process restoration,Porites furcata
Coral,Branched Finger Coral,Site/area management,Porites furcata
Coral,Branched Finger Coral,Genome resource bank,Porites furcata
Coral,Thin Finger Coral,Captive breeding/artificial propagation,Porites divaricata
Coral,Thin Finger Coral,Site/area protection,Porites divaricata
Coral,Thin Finger Coral,Species recovery,Porites divaricata
Coral,Thin Finger Coral,Ex-situ conservation,Porites divaricata
Coral,Thin Finger Coral,Habitat & natural process restoration,Porites divaricata
Coral,Thin Finger Coral,Site/area management,Porites divaricata
Coral,Thin Finger Coral,Genome resource bank,Porites divaricata
Coral,Pillar Coral,Captive breeding/artificial propagation,Dendrogyra cylindrus
Coral,Pillar Coral,Site/area protection,Dendrogyra cylindrus
Coral,Pillar Coral,Species recovery,Dendrogyra cylindrus
Coral,Pillar Coral,Ex-situ conservation,Dendrogyra cylindrus
Coral,Pillar Coral,Habitat & natural process restoration,Dendrogyra cylindrus
Coral,Pillar Coral,Site/area management,Dendrogyra cylindrus
Coral,Pillar Coral,Genome resource bank,Dendrogyra cylindrus
Coral,Diffuse Ivory Bush Coral,Captive breeding/artificial propagation,Oculina diffusa
Coral,Diffuse Ivory Bush Coral,Site/area protection,Oculina diffusa
Coral,Diffuse Ivory Bush Coral,Species recovery,Oculina diffusa
Coral,Diffuse Ivory Bush Coral,Ex-situ conservation,Oculina diffusa
Coral,Diffuse Ivory Bush Coral,Habitat & natural process restoration,Oculina diffusa
Coral,Diffuse Ivory Bush Coral,Site/area management,Oculina diffusa
Coral,Diffuse Ivory Bush Coral,Genome resource bank,Oculina diffusa
Coral,Ten-Ray Star Coral,Captive breeding/artificial propagation,Madracis decactis
Coral,Ten-Ray Star Coral,Site/area protection,Madracis decactis
Coral,Ten-Ray Star Coral,Species recovery,Madracis decactis
Coral,Ten-Ray Star Coral,Ex-situ conservation,Madracis decactis
Coral,Ten-Ray Star Coral,Habitat & natural process restoration,Madracis decactis
Coral,Ten-Ray Star Coral,Site/area management,Madracis decactis
Coral,Ten-Ray Star Coral,Genome resource bank,Madracis decactis
Coral,Lobed Star Coral,Captive breeding/artificial propagation,Montastraea annularis
Coral,Lobed Star Coral,Site/area protection,Montastraea annularis
Coral,Lobed Star Coral,Species recovery,Montastraea annularis
Coral,Lobed Star Coral,Ex-situ conservation,Montastraea annularis
Coral,Lobed Star Coral,Habitat & natural process restoration,Montastraea annularis
Coral,Lobed Star Coral,Site/area management,Montastraea annularis
Coral,Lobed Star Coral,Genome resource bank,Montastraea annularis
Coral,Mountainous Star Coral,Captive breeding/artificial propagation,Montastraea faveolata
Coral,Mountainous Star Coral,Site/area protection,Montastraea faveolata
Coral,Mountainous Star Coral,Species recovery,Montastraea faveolata
Coral,Mountainous Star Coral,Ex-situ conservation,Montastraea faveolata
Coral,Mountainous Star Coral,Habitat & natural process restoration,Montastraea faveolata
Coral,Mountainous Star Coral,Site/area management,Montastraea faveolata
Coral,Mountainous Star Coral,Genome resource bank,Montastraea faveolata
Coral,Boulder Star Coral,Captive breeding/artificial propagation,Montastraea franksi
Coral,Boulder Star Coral,Site/area protection,Montastraea franksi
Coral,Boulder Star Coral,Species recovery,Montastraea franksi
Coral,Boulder Star Coral,Ex-situ conservation,Montastraea franksi
Coral,Boulder Star Coral,Habitat & natural process restoration,Montastraea franksi
Coral,Boulder Star Coral,Site/area management,Montastraea franksi
Coral,Boulder Star Coral,Genome resource bank,Montastraea franksi
Coral,Great Star Coral,Captive breeding/artificial propagation,Montastraea cavernosa
Coral,Great Star Coral,Site/area protection,Montastraea cavernosa
Coral,Great Star Coral,Species recovery,Montastraea cavernosa
Coral,Great Star Coral,Ex-situ conservation,Montastraea cavernosa
Coral,Great Star Coral,Habitat & natural process restoration,Montastraea cavernosa
Coral,Great Star Coral,Site/area management,Montastraea cavernosa
Coral,Great Star Coral,Genome resource bank,Montastraea cavernosa
Coral,Golfball Coral,Captive breeding/artificial propagation,Favia fragum
Coral,Golfball Coral,Site/area protection,Favia fragum
Coral,Golfball Coral,Species recovery,Favia fragum
Coral,Golfball Coral,Ex-situ conservation,Favia fragum
Coral,Golfball Coral,Habitat & natural process restoration,Favia fragum
Coral,Golfball Coral,Site/area management,Favia fragum
Coral,Golfball Coral,Genome resource bank,Favia fragum
Coral,Mustard Hill Coral,Captive breeding/artificial propagation,Porites astreoides
Coral,Mustard Hill Coral,Site/area protection,Porites astreoides
Coral,Mustard Hill Coral,Species recovery,Porites astreoides
Coral,Mustard Hill Coral,Ex-situ conservation,Porites astreoides
Coral,Mustard Hill Coral,Habitat & natural process restoration,Porites astreoides
Coral,Mustard Hill Coral,Site/area management,Porites astreoides
Coral,Mustard Hill Coral,Genome resource bank,Porites astreoides
Coral,Massive Starlet Coral,Captive breeding/artificial propagation,Siderastrea siderea
Coral,Massive Starlet Coral,Site/area protection,Siderastrea siderea
Coral,Massive Starlet Coral,Species recovery,Siderastrea siderea
Coral,Massive Starlet Coral,Ex-situ conservation,Siderastrea siderea
Coral,Massive Starlet Coral,Habitat & natural process restoration,Siderastrea siderea
Coral,Massive Starlet Coral,Site/area management,Siderastrea siderea
Coral,Massive Starlet Coral,Genome resource bank,Siderastrea siderea
Coral,Lesser Starlet Coral,Captive breeding/artificial propagation,Siderastrea radians
Coral,Lesser Starlet Coral,Site/area protection,Siderastrea radians
Coral,Lesser Starlet Coral,Species recovery,Siderastrea radians
Coral,Lesser Starlet Coral,Ex-situ conservation,Siderastrea radians
Coral,Lesser Starlet Coral,Habitat & natural process restoration,Siderastrea radians
Coral,Lesser Starlet Coral,Site/area management,Siderastrea radians
Coral,Lesser Starlet Coral,Genome resource bank,Siderastrea radians
Coral,Symmetrical Brain Coral,Captive breeding/artificial propagation,Diploria strigosa
Coral,Symmetrical Brain Coral,Site/area protection,Diploria strigosa
Coral,Symmetrical Brain Coral,Species recovery,Diploria strigosa
Coral,Symmetrical Brain Coral,Ex-situ conservation,Diploria strigosa
Coral,Symmetrical Brain Coral,Habitat & natural process restoration,Diploria strigosa
Coral,Symmetrical Brain Coral,Site/area management,Diploria strigosa
Coral,Symmetrical Brain Coral,Genome resource bank,Diploria strigosa
Coral,Knobby Brain Coral,Captive breeding/artificial propagation,Diploria clivosa
Coral,Knobby Brain Coral,Site/area protection,Diploria clivosa
Coral,Knobby Brain Coral,Species recovery,Diploria clivosa
Coral,Knobby Brain Coral,Ex-situ conservation,Diploria clivosa
Coral,Knobby Brain Coral,Habitat & natural process restoration,Diploria clivosa
Coral,Knobby Brain Coral,Site/area management,Diploria clivosa
Coral,Knobby Brain Coral,Genome resource bank,Diploria clivosa
Coral,Boulder Brain Coral,Captive breeding/artificial propagation,Colpophyllia natans
Coral,Boulder Brain Coral,Site/area protection,Colpophyllia natans
Coral,Boulder Brain Coral,Species recovery,Colpophyllia natans
Coral,Boulder Brain Coral,Ex-situ conservation,Colpophyllia natans
Coral,Boulder Brain Coral,Habitat & natural process restoration,Colpophyllia natans
Coral,Boulder Brain Coral,Site/area management,Colpophyllia natans
Coral,Boulder Brain Coral,Genome resource bank,Colpophyllia natans
Coral,Maze Coral,Captive breeding/artificial propagation,Meandrina meandrites
Coral,Maze Coral,Site/area protection,Meandrina meandrites
Coral,Maze Coral,Species recovery,Meandrina meandrites
Coral,Maze Coral,Ex-situ conservation,Meandrina meandrites
Coral,Maze Coral,Habitat & natural process restoration,Meandrina meandrites
Coral,Maze Coral,Site/area management,Meandrina meandrites
Coral,Maze Coral,Genome resource bank,Meandrina meandrites
Coral,Rose Coral,Captive breeding/artificial propagation,Manicina areolata
Coral,Rose Coral,Site/area protection,Manicina areolata
Coral,Rose Coral,Species recovery,Manicina areolata
Coral,Rose Coral,Ex-situ conservation,Manicina areolata
Coral,Rose Coral,Habitat & natural process restoration,Manicina areolata
Coral,Rose Coral,Site/area management,Manicina areolata
Coral,Rose Coral,Genome resource bank,Manicina areolata
Coral,Whitestar Sheet Coral,Captive breeding/artificial propagation,Agaricia lamarcki
Coral,Whitestar Sheet Coral,Site/area protection,Agaricia lamarcki
Coral,Whitestar Sheet Coral,Species recovery,Agaricia lamarcki
Coral,Whitestar Sheet Coral,Ex-situ conservation,Agaricia lamarcki
Coral,Whitestar Sheet Coral,Habitat & natural process restoration,Agaricia lamarcki
Coral,Whitestar Sheet Coral,Site/area management,Agaricia lamarcki
Coral,Whitestar Sheet Coral,Genome resource bank,Agaricia lamarcki
Coral,Fragile Saucer Coral,Captive breeding/artificial propagation,Agaricia fragilis
Coral,Fragile Saucer Coral,Site/area protection,Agaricia fragilis
Coral,Fragile Saucer Coral,Species recovery,Agaricia fragilis
Coral,Fragile Saucer Coral,Ex-situ conservation,Agaricia fragilis
Coral,Fragile Saucer Coral,Habitat & natural process restoration,Agaricia fragilis
Coral,Fragile Saucer Coral,Site/area management,Agaricia fragilis
Coral,Fragile Saucer Coral,Genome resource bank,Agaricia fragilis
Coral,Dimpled Sheet Coral,Captive breeding/artificial propagation,Agaricia grahamae
Coral,Dimpled Sheet Coral,Site/area protection,Agaricia grahamae
Coral,Dimpled Sheet Coral,Species recovery,Agaricia grahamae
Coral,Dimpled Sheet Coral,Ex-situ conservation,Agaricia grahamae
Coral,Dimpled Sheet Coral,Habitat & natural process restoration,Agaricia grahamae
Coral,Dimpled Sheet Coral,Site/area management,Agaricia grahamae
Coral,Dimpled Sheet Coral,Genome resource bank,Agaricia grahamae
Coral,Low Relief Lettuce Coral,Captive breeding/artificial propagation,Agaricia humilis
Coral,Low Relief Lettuce Coral,Site/area protection,Agaricia humilis
Coral,Low Relief Lettuce Coral,Species recovery,Agaricia humilis
Coral,Low Relief Lettuce Coral,Ex-situ conservation,Agaricia humilis
Coral,Low Relief Lettuce Coral,Habitat & natural process restoration,Agaricia humilis
Coral,Low Relief Lettuce Coral,Site/area management,Agaricia humilis
Coral,Low Relief Lettuce Coral,Genome resource bank,Agaricia humilis
Coral,Thin Leaf Lettuce Coral,Captive breeding/artificial propagation,Agaricia tenuifolia
Coral,Thin Leaf Lettuce Coral,Site/area protection,Agaricia tenuifolia
Coral,Thin Leaf Lettuce Coral,Species recovery,Agaricia tenuifolia
Coral,Thin Leaf Lettuce Coral,Ex-situ conservation,Agaricia tenuifolia
Coral,Thin Leaf Lettuce Coral,Habitat & natural process restoration,Agaricia tenuifolia
Coral,Thin Leaf Lettuce Coral,Site/area management,Agaricia tenuifolia
Coral,Thin Leaf Lettuce Coral,Genome resource bank,Agaricia tenuifolia
Coral,Ridged Cactus Coral,Captive breeding/artificial propagation,Mycetophyllia lamarckiana
Coral,Ridged Cactus Coral,Site/area protection,Mycetophyllia lamarckiana
Coral,Ridged Cactus Coral,Species recovery,Mycetophyllia lamarckiana
Coral,Ridged Cactus Coral,Ex-situ conservation,Mycetophyllia lamarckiana
Coral,Ridged Cactus Coral,Habitat & natural process restoration,Mycetophyllia lamarckiana
Coral,Ridged Cactus Coral,Site/area management,Mycetophyllia lamarckiana
Coral,Ridged Cactus Coral,Genome resource bank,Mycetophyllia lamarckiana
Coral,Knobby Cactus Coral,Captive breeding/artificial propagation,Mycetophyllia aliciae
Coral,Knobby Cactus Coral,Site/area protection,Mycetophyllia aliciae
Coral,Knobby Cactus Coral,Species recovery,Mycetophyllia aliciae
Coral,Knobby Cactus Coral,Ex-situ conservation,Mycetophyllia aliciae
Coral,Knobby Cactus Coral,Habitat & natural process restoration,Mycetophyllia aliciae
Coral,Knobby Cactus Coral,Site/area management,Mycetophyllia aliciae
Coral,Knobby Cactus Coral,Genome resource bank,Mycetophyllia aliciae
Coral,Rough Cactus Coral,Captive breeding/artificial propagation,Mycetophyllia ferox
Coral,Rough Cactus Coral,Site/area protection,Mycetophyllia ferox
Coral,Rough Cactus Coral,Species recovery,Mycetophyllia ferox
Coral,Rough Cactus Coral,Ex-situ conservation,Mycetophyllia ferox
Coral,Rough Cactus Coral,Habitat & natural process restoration,Mycetophyllia ferox
Coral,Rough Cactus Coral,Site/area management,Mycetophyllia ferox
Coral,Rough Cactus Coral,Genome resource bank,Mycetophyllia ferox
Coral,Rough Star Coral,Captive breeding/artificial propagation,Isophyllastrea rigida
Coral,Rough Star Coral,Site/area protection,Isophyllastrea rigida
Coral,Rough Star Coral,Species recovery,Isophyllastrea rigida
Coral,Rough Star Coral,Ex-situ conservation,Isophyllastrea rigida
Coral,Rough Star Coral,Habitat & natural process restoration,Isophyllastrea rigida
Coral,Rough Star Coral,Site/area management,Isophyllastrea rigida
Coral,Rough Star Coral,Genome resource bank,Isophyllastrea rigida
Coral,Atlantic Mushroom Coral,Captive breeding/artificial propagation,Scolymia lacera
Coral,Atlantic Mushroom Coral,Site/area protection,Scolymia lacera
Coral,Atlantic Mushroom Coral,Species recovery,Scolymia lacera
Coral,Atlantic Mushroom Coral,Ex-situ conservation,Scolymia lacera
Coral,Atlantic Mushroom Coral,Habitat & natural process restoration,Scolymia lacera
Coral,Atlantic Mushroom Coral,Site/area management,Scolymia lacera
Coral,Atlantic Mushroom Coral,Genome resource bank,Scolymia lacera
Coral,Spiny Flower Coral,Captive breeding/artificial propagation,Mussa angulosa
Coral,Spiny Flower Coral,Site/area protection,Mussa angulosa
Coral,Spiny Flower Coral,Species recovery,Mussa angulosa
Coral,Spiny Flower Coral,Ex-situ conservation,Mussa angulosa
Coral,Spiny Flower Coral,Habitat & natural process restoration,Mussa angulosa
Coral,Spiny Flower Coral,Site/area management,Mussa angulosa
Coral,Spiny Flower Coral,Genome resource bank,Mussa angulosa
Coral,Antler Coral,Captive breeding/artificial propagation,Pocillopora eydouxi
Coral,Antler Coral,Site/area protection,Pocillopora eydouxi
Coral,Antler Coral,Species recovery,Pocillopora eydouxi
Coral,Antler Coral,Ex-situ conservation,Pocillopora eydouxi
Coral,Antler Coral,Habitat & natural process restoration,Pocillopora eydouxi
Coral,Antler Coral,Site/area management,Pocillopora eydouxi
Coral,Antler Coral,Genome resource bank,Pocillopora eydouxi
Coral,Cauliflower Coral,Captive breeding/artificial propagation,Pocillopora meandrina
Coral,Cauliflower Coral,Site/area protection,Pocillopora meandrina
Coral,Cauliflower Coral,Species recovery,Pocillopora meandrina
Coral,Cauliflower Coral,Ex-situ conservation,Pocillopora meandrina
Coral,Cauliflower Coral,Habitat & natural process restoration,Pocillopora meandrina
Coral,Cauliflower Coral,Site/area management,Pocillopora meandrina
Coral,Cauliflower Coral,Genome resource bank,Pocillopora meandrina
Coral,Needle Coral,Captive breeding/artificial propagation,Seriatopora hystrix
Coral,Needle Coral,Site/area protection,Seriatopora hystrix
Coral,Needle Coral,Species recovery,Seriatopora hystrix
Coral,Needle Coral,Ex-situ conservation,Seriatopora hystrix
Coral,Needle Coral,Habitat & natural process restoration,Seriatopora hystrix
Coral,Needle Coral,Site/area management,Seriatopora hystrix
Coral,Needle Coral,Genome resource bank,Seriatopora hystrix
Coral,Acropora subulata,Captive breeding/artificial propagation,Acropora subulata
Coral,Acropora subulata,Site/area protection,Acropora subulata
Coral,Acropora subulata,Species recovery,Acropora subulata
Coral,Acropora subulata,Ex-situ conservation,Acropora subulata
Coral,Acropora subulata,Habitat & natural process restoration,Acropora subulata
Coral,Acropora subulata,Site/area management,Acropora subulata
Coral,Acropora subulata,Genome resource bank,Acropora subulata
Coral,Rice Coral,Captive breeding/artificial propagation,Montipora capitata
Coral,Rice Coral,Site/area protection,Montipora capitata
Coral,Rice Coral,Species recovery,Montipora capitata
Coral,Rice Coral,Ex-situ conservation,Montipora capitata
Coral,Rice Coral,Habitat & natural process restoration,Montipora capitata
Coral,Rice Coral,Site/area management,Montipora capitata
Coral,Rice Coral,Genome resource bank,Montipora capitata
Coral,Leptoseris explanata,Captive breeding/artificial propagation,Leptoseris explanata
Coral,Leptoseris explanata,Site/area protection,Leptoseris explanata
Coral,Leptoseris explanata,Species recovery,Leptoseris explanata
Coral,Leptoseris explanata,Ex-situ conservation,Leptoseris explanata
Coral,Leptoseris explanata,Habitat & natural process restoration,Leptoseris explanata
Coral,Leptoseris explanata,Site/area management,Leptoseris explanata
Coral,Leptoseris explanata,Genome resource bank,Leptoseris explanata
Coral,Acanthastrea lordhowensis,Captive breeding/artificial propagation,Acanthastrea lordhowensis
Coral,Acanthastrea lordhowensis,Site/area protection,Acanthastrea lordhowensis
Coral,Acanthastrea lordhowensis,Species recovery,Acanthastrea lordhowensis
Coral,Acanthastrea lordhowensis,Ex-situ conservation,Acanthastrea lordhowensis
Coral,Acanthastrea lordhowensis,Habitat & natural process restoration,Acanthastrea lordhowensis
Coral,Acanthastrea lordhowensis,Site/area management,Acanthastrea lordhowensis
Coral,Acanthastrea lordhowensis,Genome resource bank,Acanthastrea lordhowensis
Coral,Symphyllia radians,Captive breeding/artificial propagation,Symphyllia radians
Coral,Symphyllia radians,Site/area protection,Symphyllia radians
Coral,Symphyllia radians,Species recovery,Symphyllia radians
Coral,Symphyllia radians,Ex-situ conservation,Symphyllia radians
Coral,Symphyllia radians,Habitat & natural process restoration,Symphyllia radians
Coral,Symphyllia radians,Site/area management,Symphyllia radians
Coral,Symphyllia radians,Genome resource bank,Symphyllia radians
Coral,Button Coral,Captive breeding/artificial propagation,Cynarina lacrymalis
Coral,Button Coral,Site/area protection,Cynarina lacrymalis
Coral,Button Coral,Species recovery,Cynarina lacrymalis
Coral,Button Coral,Ex-situ conservation,Cynarina lacrymalis
Coral,Button Coral,Habitat & natural process restoration,Cynarina lacrymalis
Coral,Button Coral,Site/area management,Cynarina lacrymalis
Coral,Button Coral,Genome resource bank,Cynarina lacrymalis
Coral,Common Mushroom Coral,Captive breeding/artificial propagation,Fungia fungites
Coral,Common Mushroom Coral,Site/area protection,Fungia fungites
Coral,Common Mushroom Coral,Species recovery,Fungia fungites
Coral,Common Mushroom Coral,Ex-situ conservation,Fungia fungites
Coral,Common Mushroom Coral,Habitat & natural process restoration,Fungia fungites
Coral,Common Mushroom Coral,Site/area management,Fungia fungites
Coral,Common Mushroom Coral,Genome resource bank,Fungia fungites
Coral,Fungia concinna,Captive breeding/artificial propagation,Fungia concinna
Coral,Fungia concinna,Site/area protection,Fungia concinna
Coral,Fungia concinna,Species recovery,Fungia concinna
Coral,Fungia concinna,Ex-situ conservation,Fungia concinna
Coral,Fungia concinna,Habitat & natural process restoration,Fungia concinna
Coral,Fungia concinna,Site/area management,Fungia concinna
Coral,Fungia concinna,Genome resource bank,Fungia concinna
Coral,Common Razor Coral,Captive breeding/artificial propagation,Fungia scutaria
Coral,Common Razor Coral,Site/area protection,Fungia scutaria
Coral,Common Razor Coral,Species recovery,Fungia scutaria
Coral,Common Razor Coral,Ex-situ conservation,Fungia scutaria
Coral,Common Razor Coral,Habitat & natural process restoration,Fungia scutaria
Coral,Common Razor Coral,Site/area management,Fungia scutaria
Coral,Common Razor Coral,Genome resource bank,Fungia scutaria
Coral,Granular Razor Coral,Captive breeding/artificial propagation,Fungia granulosa
Coral,Granular Razor Coral,Site/area protection,Fungia granulosa
Coral,Granular Razor Coral,Species recovery,Fungia granulosa
Coral,Granular Razor Coral,Ex-situ conservation,Fungia granulosa
Coral,Granular Razor Coral,Habitat & natural process restoration,Fungia granulosa
Coral,Granular Razor Coral,Site/area management,Fungia granulosa
Coral,Granular Razor Coral,Genome resource bank,Fungia granulosa
Coral,Ctenactis echinata,Captive breeding/artificial propagation,Ctenactis echinata
Coral,Ctenactis echinata,Site/area protection,Ctenactis echinata
Coral,Ctenactis echinata,Species recovery,Ctenactis echinata
Coral,Ctenactis echinata,Ex-situ conservation,Ctenactis echinata
Coral,Ctenactis echinata,Habitat & natural process restoration,Ctenactis echinata
Coral,Ctenactis echinata,Site/area management,Ctenactis echinata
Coral,Ctenactis echinata,Genome resource bank,Ctenactis echinata
Coral,Ctenactis albitentaculata,Captive breeding/artificial propagation,Ctenactis albitentaculata
Coral,Ctenactis albitentaculata,Site/area protection,Ctenactis albitentaculata
Coral,Ctenactis albitentaculata,Species recovery,Ctenactis albitentaculata
Coral,Ctenactis albitentaculata,Ex-situ conservation,Ctenactis albitentaculata
Coral,Ctenactis albitentaculata,Habitat & natural process restoration,Ctenactis albitentaculata
Coral,Ctenactis albitentaculata,Site/area management,Ctenactis albitentaculata
Coral,Ctenactis albitentaculata,Genome resource bank,Ctenactis albitentaculata
Coral,Herpolitha limax,Captive breeding/artificial propagation,Herpolitha limax
Coral,Herpolitha limax,Site/area protection,Herpolitha limax
Coral,Herpolitha limax,Species recovery,Herpolitha limax
Coral,Herpolitha limax,Ex-situ conservation,Herpolitha limax
Coral,Herpolitha limax,Habitat & natural process restoration,Herpolitha limax
Coral,Herpolitha limax,Site/area management,Herpolitha limax
Coral,Herpolitha limax,Genome resource bank,Herpolitha limax
Coral,Polyphyllia talpina,Captive breeding/artificial propagation,Polyphyllia talpina
Coral,Polyphyllia talpina,Site/area protection,Polyphyllia talpina
Coral,Polyphyllia talpina,Species recovery,Polyphyllia talpina
Coral,Polyphyllia talpina,Ex-situ conservation,Polyphyllia talpina
Coral,Polyphyllia talpina,Habitat & natural process restoration,Polyphyllia talpina
Coral,Polyphyllia talpina,Site/area management,Polyphyllia talpina
Coral,Polyphyllia talpina,Genome resource bank,Polyphyllia talpina
Coral,Lithophyllon undulatum,Captive breeding/artificial propagation,Lithophyllon undulatum
Coral,Lithophyllon undulatum,Site/area protection,Lithophyllon undulatum
Coral,Lithophyllon undulatum,Species recovery,Lithophyllon undulatum
Coral,Lithophyllon undulatum,Ex-situ conservation,Lithophyllon undulatum
Coral,Lithophyllon undulatum,Habitat & natural process restoration,Lithophyllon undulatum
Coral,Lithophyllon undulatum,Site/area management,Lithophyllon undulatum
Coral,Lithophyllon undulatum,Genome resource bank,Lithophyllon undulatum
Coral,Pectinia paeonia,Captive breeding/artificial propagation,Pectinia paeonia
Coral,Pectinia paeonia,Site/area protection,Pectinia paeonia
Coral,Pectinia paeonia,Species recovery,Pectinia paeonia
Coral,Pectinia paeonia,Ex-situ conservation,Pectinia paeonia
Coral,Pectinia paeonia,Habitat & natural process restoration,Pectinia paeonia
Coral,Pectinia paeonia,Site/area management,Pectinia paeonia
Coral,Pectinia paeonia,Genome resource bank,Pectinia paeonia
Coral,Common Lettuce Coral,Captive breeding/artificial propagation,Pectinia lactuca
Coral,Common Lettuce Coral,Site/area protection,Pectinia lactuca
Coral,Common Lettuce Coral,Species recovery,Pectinia lactuca
Coral,Common Lettuce Coral,Ex-situ conservation,Pectinia lactuca
Coral,Common Lettuce Coral,Habitat & natural process restoration,Pectinia lactuca
Coral,Common Lettuce Coral,Site/area management,Pectinia lactuca
Coral,Common Lettuce Coral,Genome resource bank,Pectinia lactuca
Coral,Bubble Coral,Captive breeding/artificial propagation,Plerogyra sinuosa
Coral,Bubble Coral,Site/area protection,Plerogyra sinuosa
Coral,Bubble Coral,Species recovery,Plerogyra sinuosa
Coral,Bubble Coral,Ex-situ conservation,Plerogyra sinuosa
Coral,Bubble Coral,Habitat & natural process restoration,Plerogyra sinuosa
Coral,Bubble Coral,Site/area management,Plerogyra sinuosa
Coral,Bubble Coral,Genome resource bank,Plerogyra sinuosa
Coral,Pearl Bubble Coral,Captive breeding/artificial propagation,Physogyra lichtensteini
Coral,Pearl Bubble Coral,Site/area protection,Physogyra lichtensteini
Coral,Pearl Bubble Coral,Species recovery,Physogyra lichtensteini
Coral,Pearl Bubble Coral,Ex-situ conservation,Physogyra lichtensteini
Coral,Pearl Bubble Coral,Habitat & natural process restoration,Physogyra lichtensteini
Coral,Pearl Bubble Coral,Site/area management,Physogyra lichtensteini
Coral,Pearl Bubble Coral,Genome resource bank,Physogyra lichtensteini
Coral,Anchor Coral,Captive breeding/artificial propagation,Euphyllia ancora
Coral,Anchor Coral,Site/area protection,Euphyllia ancora
Coral,Anchor Coral,Species recovery,Euphyllia ancora
Coral,Anchor Coral,Ex-situ conservation,Euphyllia ancora
Coral,Anchor Coral,Habitat & natural process restoration,Euphyllia ancora
Coral,Anchor Coral,Site/area management,Euphyllia ancora
Coral,Anchor Coral,Genome resource bank,Euphyllia ancora
Marine Reptiles and Mammals,Short-Finned Pilot Whale,Species management,Globicephala macrorhynchus
Marine Reptiles and Mammals,Short-Finned Pilot Whale,National level,Globicephala macrorhynchus
Marine Reptiles and Mammals,Short-Finned Pilot Whale,Compliance and enforcement,Globicephala macrorhynchus
Marine Reptiles and Mammals,Short-Finned Pilot Whale,Harvest management,Globicephala macrorhynchus
Groupers and Seabasses,Goliath Grouper,Species management,Epinephelus itajara
Groupers and Seabasses,Goliath Grouper,Harvest management,Epinephelus itajara
Groupers and Seabasses,Nassau Grouper,Site/area protection,Epinephelus striatus
Groupers and Seabasses,Nassau Grouper,Harvest management,Epinephelus striatus
Groupers and Seabasses,Nassau Grouper,National level,Epinephelus striatus
Groupers and Seabasses,Nassau Grouper,International level,Epinephelus striatus
Groupers and Seabasses,Nassau Grouper,Trade management,Epinephelus striatus
Groupers and Seabasses,Nassau Grouper,Species recovery,Epinephelus striatus
Groupers and Seabasses,Nassau Grouper,Compliance and enforcement,Epinephelus striatus
Groupers and Seabasses,Nassau Grouper,Policies and regulations,Epinephelus striatus
Groupers and Seabasses,Nassau Grouper,Legislation,Epinephelus striatus
Groupers and Seabasses,Nassau Grouper,Species management,Epinephelus striatus
Groupers and Seabasses,Nassau Grouper,Site/area management,Epinephelus striatus
Odd Shaped Swimmers,Trumpetfish,International level,Aulostomus maculatus
Odd Shaped Swimmers,Trumpetfish,Compliance and enforcement,Aulostomus maculatus
Odd Shaped Swimmers,Trumpetfish,Legislation,Aulostomus maculatus
Seahorses and Pipefish,Longsnout Seahorse,National level,Hippocampus reidi
Seahorses and Pipefish,Longsnout Seahorse,International level,Hippocampus reidi
Seahorses and Pipefish,Longsnout Seahorse,Sub-national level,Hippocampus reidi
Seahorses and Pipefish,Longsnout Seahorse,Compliance and enforcement,Hippocampus reidi
Seahorses and Pipefish,Longsnout Seahorse,Policies and regulations,Hippocampus reidi
Seahorses and Pipefish,Longsnout Seahorse,Legislation,Hippocampus reidi
Sharks and Rays,Spotted Eagle Ray,Awareness & communications,Aetobatus narinari
Sharks and Rays,Spotted Eagle Ray,Linked enterprises & livelihood alternatives,Aetobatus narinari
Sharks and Rays,Spotted Eagle Ray,Harvest management,Aetobatus narinari
Sharks and Rays,Spotted Eagle Ray,Trade management,Aetobatus narinari
Sharks and Rays,Spotted Eagle Ray,Species management,Aetobatus narinari
Sharks and Rays,Spotted Eagle Ray,Resource & habitat protection,Aetobatus narinari
Sharks and Rays,Giant Manta Ray,Awareness & communications,Mobula birostris
Sharks and Rays,Giant Manta Ray,Training,Mobula birostris
Sharks and Rays,Giant Manta Ray,Linked enterprises & livelihood alternatives,Mobula birostris
Sharks and Rays,Giant Manta Ray,Site/area protection,Mobula birostris
Sharks and Rays,Giant Manta Ray,National level,Mobula birostris
Sharks and Rays,Giant Manta Ray,International level,Mobula birostris
Sharks and Rays,Giant Manta Ray,Sub-national level,Mobula birostris
Sharks and Rays,Giant Manta Ray,Compliance and enforcement,Mobula birostris
Sharks and Rays,Giant Manta Ray,Policies and regulations,Mobula birostris
Sharks and Rays,Giant Manta Ray,Legislation,Mobula birostris
Sharks and Rays,Giant Manta Ray,Market forces,Mobula birostris
Sharks and Rays,Giant Manta Ray,Site/area management,Mobula birostris
Sharks and Rays,Giant Manta Ray,Resource & habitat protection,Mobula birostris
Sharks and Rays,Nurse Shark,Awareness & communications,Ginglymostoma cirratum
Sharks and Rays,Nurse Shark,Training,Ginglymostoma cirratum
Sharks and Rays,Nurse Shark,Site/area protection,Ginglymostoma cirratum
Sharks and Rays,Nurse Shark,Harvest management,Ginglymostoma cirratum
Sharks and Rays,Nurse Shark,National level,Ginglymostoma cirratum
Sharks and Rays,Nurse Shark,Compliance and enforcement,Ginglymostoma cirratum
Sharks and Rays,Nurse Shark,Legislation,Ginglymostoma cirratum
Sharks and Rays,Nurse Shark,Species management,Ginglymostoma cirratum
Sharks and Rays,Nurse Shark,Site/area management,Ginglymostoma cirratum
Sharks and Rays,Nurse Shark,Formal education,Ginglymostoma cirratum
Sharks and Rays,Nurse Shark,Resource & habitat protection,Ginglymostoma cirratum
Sharks and Rays,Whale Shark,Training,Rhincodon typus
Sharks and Rays,Whale Shark,Site/area protection,Rhincodon typus
Sharks and Rays,Whale Shark,Harvest management,Rhincodon typus
Sharks and Rays,Whale Shark,National level,Rhincodon typus
Sharks and Rays,Whale Shark,Species recovery,Rhincodon typus
Sharks and Rays,Whale Shark,Trade management,Rhincodon typus
Sharks and Rays,Whale Shark,Legislation,Rhincodon typus
Sharks and Rays,Whale Shark,Species management,Rhincodon typus
Sharks and Rays,Whale Shark,Formal education,Rhincodon typus
Crustaceans,Horseshoe Crab,Awareness & communications,Limulus polyphemus
Crustaceans,Horseshoe Crab,Substitution,Limulus polyphemus
Crustaceans,Horseshoe Crab,Site/area protection,Limulus polyphemus
Crustaceans,Horseshoe Crab,Harvest management,Limulus polyphemus
Crustaceans,Horseshoe Crab,Sub-national level,Limulus polyphemus
Crustaceans,Horseshoe Crab,International level,Limulus polyphemus
Crustaceans,Horseshoe Crab,Trade management,Limulus polyphemus
Crustaceans,Horseshoe Crab,Compliance and enforcement,Limulus polyphemus
Crustaceans,Horseshoe Crab,Species management,Limulus polyphemus
Crustaceans,Horseshoe Crab,Resource & habitat protection,Limulus polyphemus
Coral,Elkhorn Coral,Captive breeding/artificial propagation,Acropora palmata
Coral,Elkhorn Coral,Site/area protection,Acropora palmata
Coral,Elkhorn Coral,Species recovery,Acropora palmata
Coral,Elkhorn Coral,Ex-situ conservation,Acropora palmata
Coral,Elkhorn Coral,Habitat & natural process restoration,Acropora palmata
Coral,Elkhorn Coral,Site/area management,Acropora palmata
Coral,Elkhorn Coral,Genome resource bank,Acropora palmata
Coral,Grooved Brain Coral,Captive breeding/artificial propagation,Diploria labyrinthiformis
Coral,Grooved Brain Coral,Site/area protection,Diploria labyrinthiformis
Coral,Grooved Brain Coral,Species recovery,Diploria labyrinthiformis
Coral,Grooved Brain Coral,Ex-situ conservation,Diploria labyrinthiformis
Coral,Grooved Brain Coral,Habitat & natural process restoration,Diploria labyrinthiformis
Coral,Grooved Brain Coral,Site/area management,Diploria labyrinthiformis
Coral,Grooved Brain Coral,Genome resource bank,Diploria labyrinthiformis
Marine Reptiles and Mammals,Hawksbill Turtle,Site/area protection,Eretmochelys imbricata
Marine Reptiles and Mammals,Hawksbill Turtle,Harvest management,Eretmochelys imbricata
Marine Reptiles and Mammals,Hawksbill Turtle,National level,Eretmochelys imbricata
Marine Reptiles and Mammals,Hawksbill Turtle,International level,Eretmochelys imbricata
Marine Reptiles and Mammals,Hawksbill Turtle,Trade management,Eretmochelys imbricata
Marine Reptiles and Mammals,Hawksbill Turtle,Compliance and enforcement,Eretmochelys imbricata
Marine Reptiles and Mammals,Hawksbill Turtle,Sub-national level,Eretmochelys imbricata
Marine Reptiles and Mammals,Hawksbill Turtle,Species management,Eretmochelys imbricata
Marine Reptiles and Mammals,Hawksbill Turtle,Site/area management,Eretmochelys imbricata
Marine Reptiles and Mammals,Green Turtle,Scale unspecified,Chelonia mydas
Marine Reptiles and Mammals,Green Turtle,Compliance and enforcement,Chelonia mydas
Marine Reptiles and Mammals,Loggerhead Turtle,Harvest management,Caretta caretta
Marine Reptiles and Mammals,Loggerhead Turtle,Trade management,Caretta caretta
Marine Reptiles and Mammals,Loggerhead Turtle,Species recovery,Caretta caretta
Marine Reptiles and Mammals,Loggerhead Turtle,Resource & habitat protection,Caretta caretta
Marine Reptiles and Mammals,Loggerhead Turtle,Linked enterprises & livelihood alternatives,Caretta caretta
Marine Reptiles and Mammals,Loggerhead Turtle,Sub-national level,Caretta caretta
Marine Reptiles and Mammals,Loggerhead Turtle,Invasive/problematic species control,Caretta caretta
Marine Reptiles and Mammals,Loggerhead Turtle,Species management,Caretta caretta
Marine Reptiles and Mammals,Loggerhead Turtle,Non-monetary values,Caretta caretta
Marine Reptiles and Mammals,Loggerhead Turtle,Awareness & communications,Caretta caretta
Marine Reptiles and Mammals,Loggerhead Turtle,Site/area protection,Caretta caretta
Marine Reptiles and Mammals,Loggerhead Turtle,Private sector standards & codes,Caretta caretta
Marine Reptiles and Mammals,Loggerhead Turtle,Compliance and enforcement,Caretta caretta
Marine Reptiles and Mammals,Loggerhead Turtle,Habitat & natural process restoration,Caretta caretta
Marine Reptiles and Mammals,Loggerhead Turtle,Policies and regulations,Caretta caretta
Marine Reptiles and Mammals,Loggerhead Turtle,Conservation payments,Caretta caretta
Marine Reptiles and Mammals,Loggerhead Turtle,Limiting population growth,Caretta caretta
Marine Reptiles and Mammals,Loggerhead Turtle,Site/area management,Caretta caretta
Marine Reptiles and Mammals,Loggerhead Turtle,Training,Caretta caretta
Marine Reptiles and Mammals,Loggerhead Turtle,National level,Caretta caretta
Marine Reptiles and Mammals,Loggerhead Turtle,International level,Caretta caretta
Marine Reptiles and Mammals,Loggerhead Turtle,Formal education,Caretta caretta
Marine Reptiles and Mammals,Bottlenose Dolphin,Species management,Tursiops truncatus
Marine Reptiles and Mammals,Bottlenose Dolphin,Harvest management,Tursiops truncatus
Marine Reptiles and Mammals,Spinner Dolphin,Species management,Stenella longirostris
Marine Reptiles and Mammals,Spinner Dolphin,Harvest management,Stenella longirostris
Marine Reptiles and Mammals,West Indian Manatee,Awareness & communications,Trichechus manatus
Marine Reptiles and Mammals,West Indian Manatee,Training,Trichechus manatus
Marine Reptiles and Mammals,West Indian Manatee,Linked enterprises & livelihood alternatives,Trichechus manatus
Marine Reptiles and Mammals,West Indian Manatee,Site/area protection,Trichechus manatus
Marine Reptiles and Mammals,West Indian Manatee,Species re-introduction,Trichechus manatus
Marine Reptiles and Mammals,West Indian Manatee,Sub-national level,Trichechus manatus
Marine Reptiles and Mammals,West Indian Manatee,International level,Trichechus manatus
Marine Reptiles and Mammals,West Indian Manatee,Species recovery,Trichechus manatus
Marine Reptiles and Mammals,West Indian Manatee,Compliance and enforcement,Trichechus manatus
Marine Reptiles and Mammals,West Indian Manatee,National level,Trichechus manatus
Marine Reptiles and Mammals,West Indian Manatee,Habitat & natural process restoration,Trichechus manatus
Marine Reptiles and Mammals,West Indian Manatee,Legislation,Trichechus manatus
Marine Reptiles and Mammals,West Indian Manatee,Reintroduction,Trichechus manatus
Marine Reptiles and Mammals,West Indian Manatee,Site/area management,Trichechus manatus
Marine Reptiles and Mammals,West Indian Manatee,Formal education,Trichechus manatus
Marine Reptiles and Mammals,West Indian Manatee,Resource & habitat protection,Trichechus manatus
Marine Reptiles and Mammals,Bearded Seal,Resource & habitat protection,Erignathus barbatus
Marine Reptiles and Mammals,Beluga Whale,Harvest management,Delphinapterus leucas
Marine Reptiles and Mammals,Beluga Whale,National level,Delphinapterus leucas
Marine Reptiles and Mammals,Beluga Whale,Compliance and enforcement,Delphinapterus leucas
Marine Reptiles and Mammals,Beluga Whale,Species management,Delphinapterus leucas
Marine Reptiles and Mammals,Beluga Whale,Site/area management,Delphinapterus leucas
Marine Reptiles and Mammals,Bowhead Whale,Species management,Balaena mysticetus
Marine Reptiles and Mammals,Bowhead Whale,Site/area management,Balaena mysticetus
Marine Reptiles and Mammals,Bowhead Whale,Species recovery,Balaena mysticetus
Marine Reptiles and Mammals,Bowhead Whale,Harvest management,Balaena mysticetus
Marine Reptiles and Mammals,Dugong,Awareness & communications,Dugong dugon
Marine Reptiles and Mammals,Dugong,Training,Dugong dugon
Marine Reptiles and Mammals,Dugong,Linked enterprises & livelihood alternatives,Dugong dugon
Marine Reptiles and Mammals,Dugong,Site/area protection,Dugong dugon
Marine Reptiles and Mammals,Dugong,National level,Dugong dugon
Marine Reptiles and Mammals,Dugong,International level,Dugong dugon
Marine Reptiles and Mammals,Dugong,Compliance and enforcement,Dugong dugon
Marine Reptiles and Mammals,Dugong,Sub-national level,Dugong dugon
Marine Reptiles and Mammals,Dugong,Site/area management,Dugong dugon
Marine Reptiles and Mammals,Dugong,Formal education,Dugong dugon
Marine Reptiles and Mammals,False Killer Whale,Site/area protection,Pseudorca crassidens
Marine Reptiles and Mammals,False Killer Whale,Harvest management,Pseudorca crassidens
Marine Reptiles and Mammals,False Killer Whale,Sub-national level,Pseudorca crassidens
Marine Reptiles and Mammals,False Killer Whale,Compliance and enforcement,Pseudorca crassidens
Marine Reptiles and Mammals,False Killer Whale,Trade management,Pseudorca crassidens
Marine Reptiles and Mammals,False Killer Whale,Species management,Pseudorca crassidens
Marine Reptiles and Mammals,Fin Whale,Species management,Balaenoptera physalus
Marine Reptiles and Mammals,Fin Whale,Harvest management,Balaenoptera physalus
Marine Reptiles and Mammals,Gray Seal,Site/area management,Halichoerus grypus
Marine Reptiles and Mammals,Gray Whale,Site/area management,Eschrichtius robustus
Marine Reptiles and Mammals,Harp Seal,Harvest management,Pagophilus groenlandicus
Marine Reptiles and Mammals,Harp Seal,National level,Pagophilus groenlandicus
Marine Reptiles and Mammals,Harp Seal,Compliance and enforcement,Pagophilus groenlandicus
Marine Reptiles and Mammals,Harp Seal,Species management,Pagophilus groenlandicus
Marine Reptiles and Mammals,Harp Seal,Site/area management,Pagophilus groenlandicus
Marine Reptiles and Mammals,Humpback Whale,Species management,Megaptera novaeangliae
Marine Reptiles and Mammals,Humpback Whale,Harvest management,Megaptera novaeangliae
Marine Reptiles and Mammals,Juan Fernandez Fur Seal,Site/area management,Arctocephalus philippii
Marine Reptiles and Mammals,Leopard Seal,Site/area management,Hydrurga leptonyx
Marine Reptiles and Mammals,Long-finned Pilot Whale,Species management,Globicephala melas
Marine Reptiles and Mammals,Long-finned Pilot Whale,Harvest management,Globicephala melas
Marine Reptiles and Mammals,Marine Otter,Awareness & communications,Lontra felina
Marine Reptiles and Mammals,Marine Otter,Training,Lontra felina
Marine Reptiles and Mammals,Marine Otter,Site/area protection,Lontra felina
Marine Reptiles and Mammals,Marine Otter,Sub-national level,Lontra felina
Marine Reptiles and Mammals,Marine Otter,National level,Lontra felina
Marine Reptiles and Mammals,Marine Otter,Species recovery,Lontra felina
Marine Reptiles and Mammals,Marine Otter,Compliance and enforcement,Lontra felina
Marine Reptiles and Mammals,Marine Otter,Legislation,Lontra felina
Marine Reptiles and Mammals,Marine Otter,Site/area management,Lontra felina
Marine Reptiles and Mammals,Marine Otter,Formal education,Lontra felina
Marine Reptiles and Mammals,Marine Otter,Resource & habitat protection,Lontra felina
Marine Reptiles and Mammals,Minke Whale,Species management,Balaenoptera acutorostrata
Marine Reptiles and Mammals,Minke Whale,Harvest management,Balaenoptera acutorostrata
Marine Reptiles and Mammals,Orca,Species management,Orcinus orca
Marine Reptiles and Mammals,Orca,Site/area management,Orcinus orca
Marine Reptiles and Mammals,Orca,Harvest management,Orcinus orca
Marine Reptiles and Mammals,Pantropical Spotted Dolphin,Species management,Stenella attenuata
Marine Reptiles and Mammals,Pantropical Spotted Dolphin,Harvest management,Stenella attenuata
Marine Reptiles and Mammals,Polar Bear,Awareness & communications,Ursus maritimus
Marine Reptiles and Mammals,Polar Bear,Training,Ursus maritimus
Marine Reptiles and Mammals,Polar Bear,Site/area protection,Ursus maritimus
Marine Reptiles and Mammals,Polar Bear,Harvest management,Ursus maritimus
Marine Reptiles and Mammals,Polar Bear,National level,Ursus maritimus
Marine Reptiles and Mammals,Polar Bear,International level,Ursus maritimus
Marine Reptiles and Mammals,Polar Bear,Trade management,Ursus maritimus
Marine Reptiles and Mammals,Polar Bear,Species recovery,Ursus maritimus
Marine Reptiles and Mammals,Polar Bear,Sub-national level,Ursus maritimus
Marine Reptiles and Mammals,Polar Bear,Scale unspecified,Ursus maritimus
Marine Reptiles and Mammals,Polar Bear,Compliance and enforcement,Ursus maritimus
Marine Reptiles and Mammals,Polar Bear,Legislation,Ursus maritimus
Marine Reptiles and Mammals,Polar Bear,Species management,Ursus maritimus
Marine Reptiles and Mammals,Polar Bear,Site/area management,Ursus maritimus
Marine Reptiles and Mammals,Polar Bear,Formal education,Ursus maritimus
Marine Reptiles and Mammals,Polar Bear,Resource & habitat protection,Ursus maritimus
Marine Reptiles and Mammals,Ringed Seal,Site/area protection,Pusa hispida
Marine Reptiles and Mammals,Ringed Seal,Harvest management,Pusa hispida
Marine Reptiles and Mammals,Ringed Seal,Species management,Pusa hispida
Marine Reptiles and Mammals,Ringed Seal,Site/area management,Pusa hispida
Marine Reptiles and Mammals,Ringed Seal,Resource & habitat protection,Pusa hispida
Marine Reptiles and Mammals,Rissos Dolphin,Species management,Grampus griseus
Marine Reptiles and Mammals,Rissos Dolphin,Harvest management,Grampus griseus
Marine Reptiles and Mammals,Sea Otter,Site/area management,Enhydra lutris
Marine Reptiles and Mammals,Sea Otter,Habitat & natural process restoration,Enhydra lutris
Marine Reptiles and Mammals,Sea Otter,Species recovery,Enhydra lutris
Marine Reptiles and Mammals,Short-beaked Common Dolphin,Awareness & communications,Delphinus delphis
Marine Reptiles and Mammals,Short-beaked Common Dolphin,Site/area protection,Delphinus delphis
Marine Reptiles and Mammals,Short-beaked Common Dolphin,National level,Delphinus delphis
Marine Reptiles and Mammals,Short-beaked Common Dolphin,International level,Delphinus delphis
Marine Reptiles and Mammals,Short-beaked Common Dolphin,Compliance and enforcement,Delphinus delphis
Marine Reptiles and Mammals,Southern Elephant Seal,Site/area management,Mirounga leonina
Marine Reptiles and Mammals,Steller Sea Lion,Awareness & communications,Eumetopias jubatus
Marine Reptiles and Mammals,Steller Sea Lion,Site/area protection,Eumetopias jubatus
Marine Reptiles and Mammals,Steller Sea Lion,National level,Eumetopias jubatus
Marine Reptiles and Mammals,Steller Sea Lion,Species recovery,Eumetopias jubatus
Marine Reptiles and Mammals,Steller Sea Lion,Compliance and enforcement,Eumetopias jubatus
Marine Reptiles and Mammals,Steller Sea Lion,Policies and regulations,Eumetopias jubatus
Marine Reptiles and Mammals,Steller Sea Lion,Legislation,Eumetopias jubatus
Marine Reptiles and Mammals,Steller Sea Lion,Site/area management,Eumetopias jubatus
Marine Reptiles and Mammals,Steller Sea Lion,Resource & habitat protection,Eumetopias jubatus
Marine Reptiles and Mammals,Vaquita,Awareness & communications,Phocoena sinus
Marine Reptiles and Mammals,Vaquita,Training,Phocoena sinus
Marine Reptiles and Mammals,Vaquita,Linked enterprises & livelihood alternatives,Phocoena sinus
Marine Reptiles and Mammals,Vaquita,Site/area protection,Phocoena sinus
Marine Reptiles and Mammals,Vaquita,Harvest management,Phocoena sinus
Marine Reptiles and Mammals,Vaquita,National level,Phocoena sinus
Marine Reptiles and Mammals,Vaquita,Species recovery,Phocoena sinus
Marine Reptiles and Mammals,Vaquita,Compliance and enforcement,Phocoena sinus
Marine Reptiles and Mammals,Vaquita,Species management,Phocoena sinus
Marine Reptiles and Mammals,Vaquita,Site/area management,Phocoena sinus
Marine Reptiles and Mammals,Vaquita,Formal education,Phocoena sinus
Marine Reptiles and Mammals,Vaquita,Resource & habitat protection,Phocoena sinus
Marine Reptiles and Mammals,Walrus,Awareness & communications,Odobenus rosmarus
Marine Reptiles and Mammals,Walrus,Site/area protection,Odobenus rosmarus
Marine Reptiles and Mammals,Walrus,Harvest management,Odobenus rosmarus
Marine Reptiles and Mammals,Walrus,National level,Odobenus rosmarus
Marine Reptiles and Mammals,Walrus,Trade management,Odobenus rosmarus
Marine Reptiles and Mammals,Walrus,Compliance and enforcement,Odobenus rosmarus
Marine Reptiles and Mammals,Walrus,Species management,Odobenus rosmarus
Marine Reptiles and Mammals,Walrus,Site/area management,Odobenus rosmarus
Marine Reptiles and Mammals,Walrus,Resource & habitat protection,Odobenus rosmarus
Marine Reptiles and Mammals,Leatherback Turtle,Awareness & communications,Dermochelys coriacea
Marine Reptiles and Mammals,Leatherback Turtle,Site/area protection,Dermochelys coriacea
Marine Reptiles and Mammals,Leatherback Turtle,Harvest management,Dermochelys coriacea
Marine Reptiles and Mammals,Leatherback Turtle,National level,Dermochelys coriacea
Marine Reptiles and Mammals,Leatherback Turtle,International level,Dermochelys coriacea
Marine Reptiles and Mammals,Leatherback Turtle,Compliance and enforcement,Dermochelys coriacea
Marine Reptiles and Mammals,Leatherback Turtle,Sub-national level,Dermochelys coriacea
Marine Reptiles and Mammals,Leatherback Turtle,Species management,Dermochelys coriacea
Marine Reptiles and Mammals,Leatherback Turtle,Site/area management,Dermochelys coriacea
Sea Birds,Adelie Penguin,International level,Pygoscelis adeliae
Sea Birds,Adelie Penguin,Legislation,Pygoscelis adeliae
Sea Birds,Arctic Tern,Invasive/problematic species control,Sterna paradisaea
Sea Birds,Atlantic Puffin,Awareness & communications,Fratercula arctica
Sea Birds,Atlantic Puffin,Site/area protection,Fratercula arctica
Sea Birds,Atlantic Puffin,Compliance and enforcement,Fratercula arctica
Sea Birds,Atlantic Puffin,Scale unspecified,Fratercula arctica
Sea Birds,Atlantic Puffin,Invasive/problematic species control,Fratercula arctica
Sea Birds,Atlantic Puffin,Policies and regulations,Fratercula arctica
Sea Birds,Atlantic Puffin,Site/area management,Fratercula arctica
Sea Birds,Atlantic Puffin,Resource & habitat protection,Fratercula arctica
Sea Birds,Emperor Penguin,International level,Aptenodytes forsteri
Sea Birds,Emperor Penguin,Legislation,Aptenodytes forsteri
Sea Birds,Galapagos Penguin,Awareness & communications,Spheniscus mendiculus
Sea Birds,Galapagos Penguin,Training,Spheniscus mendiculus
Sea Birds,Galapagos Penguin,Site/area protection,Spheniscus mendiculus
Sea Birds,Galapagos Penguin,National level,Spheniscus mendiculus
Sea Birds,Galapagos Penguin,International level,Spheniscus mendiculus
Sea Birds,Galapagos Penguin,Species recovery,Spheniscus mendiculus
Sea Birds,Galapagos Penguin,Compliance and enforcement,Spheniscus mendiculus
Sea Birds,Galapagos Penguin,Invasive/problematic species control,Spheniscus mendiculus
Sea Birds,Galapagos Penguin,Legislation,Spheniscus mendiculus
Sea Birds,Galapagos Penguin,Site/area management,Spheniscus mendiculus
Sea Birds,Gentoo Penguin,Site/area protection,Pygoscelis papua
Sea Birds,Humboldt Penguin,Awareness & communications,Spheniscus humboldti
Sea Birds,Humboldt Penguin,Site/area protection,Spheniscus humboldti
Sea Birds,Humboldt Penguin,Harvest management,Spheniscus humboldti
Sea Birds,Humboldt Penguin,Invasive/problematic species control,Spheniscus humboldti
Sea Birds,Humboldt Penguin,Policies and regulations,Spheniscus humboldti
Sea Birds,Humboldt Penguin,Species management,Spheniscus humboldti
Sea Birds,Humboldt Penguin,Site/area management,Spheniscus humboldti
Sea Birds,Jackass Penguin,Awareness & communications,Spheniscus demersus
Sea Birds,Jackass Penguin,Site/area protection,Spheniscus demersus
Sea Birds,Jackass Penguin,Species re-introduction,Spheniscus demersus
Sea Birds,Jackass Penguin,National level,Spheniscus demersus
Sea Birds,Jackass Penguin,International level,Spheniscus demersus
Sea Birds,Jackass Penguin,Species recovery,Spheniscus demersus
Sea Birds,Jackass Penguin,Compliance and enforcement,Spheniscus demersus
Sea Birds,Jackass Penguin,Invasive/problematic species control,Spheniscus demersus
Sea Birds,Jackass Penguin,Legislation,Spheniscus demersus
Sea Birds,Jackass Penguin,Reintroduction,Spheniscus demersus
Sea Birds,Jackass Penguin,Site/area management,Spheniscus demersus
Sea Birds,Jackass Penguin,Resource & habitat protection,Spheniscus demersus
Sea Birds,Laysan Albatross,Awareness & communications,Phoebastria immutabilis
Sea Birds,Laysan Albatross,Site/area management,Phoebastria immutabilis
Sea Birds,Laysan Albatross,International level,Phoebastria immutabilis
Sea Birds,Laysan Albatross,Legislation,Phoebastria immutabilis
Sea Birds,Little Auk,Site/area protection,Alle alle
Sea Birds,Little Auk,National level,Alle alle
Sea Birds,Little Auk,International level,Alle alle
Sea Birds,Little Auk,Scale unspecified,Alle alle
Sea Birds,Little Auk,Legislation,Alle alle
Sea Birds,Little Auk,Site/area management,Alle alle
Sea Birds,Royal Penguin,Resource & habitat protection,Eudyptes schlegeli
Sea Birds,Southern Giant Petrel,Site/area management,Macronectes giganteus
Sea Birds,Southern Giant Petrel,International level,Macronectes giganteus
Sea Birds,Southern Giant Petrel,Legislation,Macronectes giganteus
Sea Birds,Southern Rockhopper Penguin,Training,Eudyptes chrysocome
Sea Birds,Southern Rockhopper Penguin,Site/area protection,Eudyptes chrysocome
Sea Birds,Southern Rockhopper Penguin,Private sector standards & codes,Eudyptes chrysocome
Sea Birds,Southern Rockhopper Penguin,International level,Eudyptes chrysocome
Sea Birds,Southern Rockhopper Penguin,Invasive/problematic species control,Eudyptes chrysocome
Sea Birds,Southern Rockhopper Penguin,Policies and regulations,Eudyptes chrysocome
Sea Birds,Southern Rockhopper Penguin,Legislation,Eudyptes chrysocome
Sea Birds,Southern Rockhopper Penguin,Site/area management,Eudyptes chrysocome
Sharks and Rays,Cownose Ray,Awareness & communications,Rhinoptera bonasus
Sharks and Rays,Cownose Ray,Linked enterprises & livelihood alternatives,Rhinoptera bonasus
Sharks and Rays,Cownose Ray,Harvest management,Rhinoptera bonasus
Sharks and Rays,Cownose Ray,National level,Rhinoptera bonasus
Sharks and Rays,Cownose Ray,International level,Rhinoptera bonasus
Sharks and Rays,Cownose Ray,Sub-national level,Rhinoptera bonasus
Sharks and Rays,Cownose Ray,Compliance and enforcement,Rhinoptera bonasus
Sharks and Rays,Cownose Ray,Habitat & natural process restoration,Rhinoptera bonasus
Sharks and Rays,Cownose Ray,Legislation,Rhinoptera bonasus
Sharks and Rays,Cownose Ray,Species management,Rhinoptera bonasus
Sharks and Rays,Cownose Ray,Site/area management,Rhinoptera bonasus
Sharks and Rays,Cownose Ray,Formal education,Rhinoptera bonasus
Sharks and Rays,Cownose Ray,Resource & habitat protection,Rhinoptera bonasus
Sharks and Rays,Frilled Shark,Species management,Chlamydoselachus anguineus
Sharks and Rays,Frilled Shark,Harvest management,Chlamydoselachus anguineus
Sharks and Rays,Great Hammerhead Shark,Training,Sphyrna mokarran
Sharks and Rays,Great Hammerhead Shark,Harvest management,Sphyrna mokarran
Sharks and Rays,Great Hammerhead Shark,Trade management,Sphyrna mokarran
Sharks and Rays,Great Hammerhead Shark,Species recovery,Sphyrna mokarran
Sharks and Rays,Great Hammerhead Shark,Species management,Sphyrna mokarran
Sharks and Rays,Great Hammerhead Shark,Site/area management,Sphyrna mokarran
Sharks and Rays,Great Hammerhead Shark,Formal education,Sphyrna mokarran
Sharks and Rays,Great White Shark,Awareness & communications,Carcharodon carcharias
Sharks and Rays,Longfin Mako Shark,Site/area protection,Isurus paucus
Sharks and Rays,Longfin Mako Shark,Harvest management,Isurus paucus
Sharks and Rays,Longfin Mako Shark,Species recovery,Isurus paucus
Sharks and Rays,Longfin Mako Shark,Trade management,Isurus paucus
Sharks and Rays,Longfin Mako Shark,Species management,Isurus paucus
Sharks and Rays,Longnose Sawshark,Species management,Pristiophorus cirratus
Sharks and Rays,Longnose Sawshark,Harvest management,Pristiophorus cirratus
Sharks and Rays,Marbled Electric Ray,Site/area protection,Torpedo marmorata
Sharks and Rays,Marbled Electric Ray,Harvest management,Torpedo marmorata
Sharks and Rays,Marbled Electric Ray,National level,Torpedo marmorata
Sharks and Rays,Marbled Electric Ray,International level,Torpedo marmorata
Sharks and Rays,Marbled Electric Ray,Legislation,Torpedo marmorata
Sharks and Rays,Marbled Electric Ray,Species management,Torpedo marmorata
Sharks and Rays,Megamouth Shark,Species management,Megachasma pelagios
Sharks and Rays,Megamouth Shark,Harvest management,Megachasma pelagios
Sharks and Rays,Oceanic Whitetip Shark,Training,Carcharhinus longimanus
Sharks and Rays,Oceanic Whitetip Shark,Site/area protection,Carcharhinus longimanus
Sharks and Rays,Oceanic Whitetip Shark,National level,Carcharhinus longimanus
Sharks and Rays,Oceanic Whitetip Shark,International level,Carcharhinus longimanus
Sharks and Rays,Oceanic Whitetip Shark,Compliance and enforcement,Carcharhinus longimanus
Sharks and Rays,Oceanic Whitetip Shark,Legislation,Carcharhinus longimanus
Sharks and Rays,Pacific Angel Shark,Species management,Squatina californica
Sharks and Rays,Pacific Angel Shark,Species recovery,Squatina californica
Sharks and Rays,Pacific Angel Shark,Harvest management,Squatina californica
Sharks and Rays,Pelagic Thresher Shark,Site/area protection,Alopias pelagicus
Sharks and Rays,Pelagic Thresher Shark,National level,Alopias pelagicus
Sharks and Rays,Pelagic Thresher Shark,International level,Alopias pelagicus
Sharks and Rays,Pelagic Thresher Shark,Compliance and enforcement,Alopias pelagicus
Sharks and Rays,Pelagic Thresher Shark,Legislation,Alopias pelagicus
Sharks and Rays,Pelagic Thresher Shark,Site/area management,Alopias pelagicus
Sharks and Rays,Porbeagle Shark,Species management,Lamna nasus
Sharks and Rays,Porbeagle Shark,Trade management,Lamna nasus
Sharks and Rays,Porbeagle Shark,Harvest management,Lamna nasus
Sharks and Rays,Porcupine Ray,Species management,Urogymnus asperrimus
Sharks and Rays,Porcupine Ray,Site/area protection,Urogymnus asperrimus
Sharks and Rays,Porcupine Ray,Harvest management,Urogymnus asperrimus
Sharks and Rays,Porcupine Ray,Resource & habitat protection,Urogymnus asperrimus
Sharks and Rays,Shortfin Mako Shark,Site/area protection,Isurus oxyrinchus
Sharks and Rays,Shortfin Mako Shark,Harvest management,Isurus oxyrinchus
Sharks and Rays,Shortfin Mako Shark,Species recovery,Isurus oxyrinchus
Sharks and Rays,Shortfin Mako Shark,Trade management,Isurus oxyrinchus
Sharks and Rays,Shortfin Mako Shark,Species management,Isurus oxyrinchus
Sharks and Rays,Shovelnose Guitarfish,Awareness & communications,Pseudobatos productus
Sharks and Rays,Shovelnose Guitarfish,Harvest management,Pseudobatos productus
Sharks and Rays,Shovelnose Guitarfish,National level,Pseudobatos productus
Sharks and Rays,Shovelnose Guitarfish,Trade management,Pseudobatos productus
Sharks and Rays,Shovelnose Guitarfish,Compliance and enforcement,Pseudobatos productus
Sharks and Rays,Shovelnose Guitarfish,Legislation,Pseudobatos productus
Sharks and Rays,Shovelnose Guitarfish,Species management,Pseudobatos productus
Sharks and Rays,Shovelnose Guitarfish,Site/area management,Pseudobatos productus
Sharks and Rays,Spiny Dogfish,Awareness & communications,Squalus acanthias
Sharks and Rays,Spiny Dogfish,Site/area protection,Squalus acanthias
Sharks and Rays,Spiny Dogfish,Harvest management,Squalus acanthias
Sharks and Rays,Spiny Dogfish,National level,Squalus acanthias
Sharks and Rays,Spiny Dogfish,International level,Squalus acanthias
Sharks and Rays,Spiny Dogfish,Trade management,Squalus acanthias
Sharks and Rays,Spiny Dogfish,Sub-national level,Squalus acanthias
Sharks and Rays,Spiny Dogfish,Compliance and enforcement,Squalus acanthias
Sharks and Rays,Spiny Dogfish,Legislation,Squalus acanthias
Sharks and Rays,Spiny Dogfish,Species management,Squalus acanthias
Sharks and Rays,Tiger Shark,Site/area protection,Galeocerdo cuvier
Sharks and Rays,Tiger Shark,Harvest management,Galeocerdo cuvier
Sharks and Rays,Tiger Shark,National level,Galeocerdo cuvier
Sharks and Rays,Tiger Shark,Trade management,Galeocerdo cuvier
Sharks and Rays,Tiger Shark,Species recovery,Galeocerdo cuvier
Sharks and Rays,Tiger Shark,Compliance and enforcement,Galeocerdo cuvier
Sharks and Rays,Tiger Shark,Policies and regulations,Galeocerdo cuvier
Sharks and Rays,Tiger Shark,Species management,Galeocerdo cuvier
Sharks and Rays,Tiger Shark,Site/area management,Galeocerdo cuvier
Sharks and Rays,Zebra Shark,Species management,Stegostoma fasciatum
Sharks and Rays,Zebra Shark,Site/area protection,Stegostoma fasciatum
Sharks and Rays,Zebra Shark,Harvest management,Stegostoma fasciatum
Coral,Ivory Bush Coral,Captive breeding/artificial propagation,Oculina varicosa
Coral,Ivory Bush Coral,Site/area protection,Oculina varicosa
Coral,Ivory Bush Coral,Species recovery,Oculina varicosa
Coral,Ivory Bush Coral,Ex-situ conservation,Oculina varicosa
Coral,Ivory Bush Coral,Habitat & natural process restoration,Oculina varicosa
Coral,Ivory Bush Coral,Site/area management,Oculina varicosa
Coral,Ivory Bush Coral,Genome resource bank,Oculina varicosa
Coral,Lobe Coral,Captive breeding/artificial propagation,Porites lobata
Coral,Lobe Coral,Site/area protection,Porites lobata
Coral,Lobe Coral,Species recovery,Porites lobata
Coral,Lobe Coral,Ex-situ conservation,Porites lobata
Coral,Lobe Coral,Habitat & natural process restoration,Porites lobata
Coral,Lobe Coral,Site/area management,Porites lobata
Coral,Lobe Coral,Genome resource bank,Porites lobata
Silvery Fish,Atlantic Bluefin Tuna,National level,Thunnus thynnus
Silvery Fish,Atlantic Bluefin Tuna,Compliance and enforcement,Thunnus thynnus
Silvery Fish,Atlantic Bluefin Tuna,Species recovery,Thunnus thynnus
Silvery Fish,Atlantic Bluefin Tuna,Policies and regulations,Thunnus thynnus
Ocean Fishes,Beluga Sturgeon,Awareness & communications,Huso huso
Ocean Fishes,Beluga Sturgeon,Captive breeding/artificial propagation,Huso huso
Ocean Fishes,Beluga Sturgeon,Site/area protection,Huso huso
Ocean Fishes,Beluga Sturgeon,Harvest management,Huso huso
Ocean Fishes,Beluga Sturgeon,National level,Huso huso
Ocean Fishes,Beluga Sturgeon,International level,Huso huso
Ocean Fishes,Beluga Sturgeon,Trade management,Huso huso
Ocean Fishes,Beluga Sturgeon,Ex-situ conservation,Huso huso
Ocean Fishes,Beluga Sturgeon,Habitat & natural process restoration,Huso huso
Ocean Fishes,Beluga Sturgeon,Policies and regulations,Huso huso
Ocean Fishes,Beluga Sturgeon,Legislation,Huso huso
Ocean Fishes,Beluga Sturgeon,Species management,Huso huso
Ocean Fishes,Beluga Sturgeon,Site/area management,Huso huso
Ocean Fishes,Beluga Sturgeon,Genome resource bank,Huso huso
Seahorses and Pipefish,Leafy Seadragon,Site/area management,Phycodurus eques
Seahorses and Pipefish,Leafy Seadragon,Site/area protection,Phycodurus eques
Silvery Fish,Pacific Sardine,Species management,Sardinops sagax
Silvery Fish,Pacific Sardine,Policies and regulations,Sardinops sagax
Silvery Fish,Pacific Sardine,Harvest management,Sardinops sagax
Sharks and Rays,Smalltooth Sawfish,Awareness & communications,Pristis pectinata
Sharks and Rays,Smalltooth Sawfish,Training,Pristis pectinata
Sharks and Rays,Smalltooth Sawfish,Linked enterprises & livelihood alternatives,Pristis pectinata
Sharks and Rays,Smalltooth Sawfish,Site/area protection,Pristis pectinata
Sharks and Rays,Smalltooth Sawfish,Harvest management,Pristis pectinata
Sharks and Rays,Smalltooth Sawfish,National level,Pristis pectinata
Sharks and Rays,Smalltooth Sawfish,Sub-national level,Pristis pectinata
Sharks and Rays,Smalltooth Sawfish,Trade management,Pristis pectinata
Sharks and Rays,Smalltooth Sawfish,Compliance and enforcement,Pristis pectinata
Sharks and Rays,Smalltooth Sawfish,International level,Pristis pectinata
Sharks and Rays,Smalltooth Sawfish,Habitat & natural process restoration,Pristis pectinata
Sharks and Rays,Smalltooth Sawfish,Legislation,Pristis pectinata
Sharks and Rays,Smalltooth Sawfish,Species management,Pristis pectinata
Sharks and Rays,Smalltooth Sawfish,Resource & habitat protection,Pristis pectinata
Sharks and Rays,Spotted Ratfish,Awareness & communications,Hydrolagus colliei
